workflow_name,task_category,task_name,instance_count,children_count,avg_children_count,input_file_count,total_input_file_sizes,output_file_count,total_output_file_sizes
1000genome-20200401T035039Z-0,file_handling,file_handling,2,28,14.0,20,563649,2,50092
1000genome-20200401T035039Z-0,frequency,frequency,14,0,0.0,56,5732847,14,3681212
1000genome-20200401T035039Z-0,individuals,individuals,20,20,1.0,40,20289765950,20,563649
1000genome-20200401T035039Z-0,mutation_overlap,mutation_overlap,14,0,0.0,56,5732847,14,2051699
1000genome-20200401T035039Z-0,sifting,sifting,2,28,14.0,2,548756182,2,712545
1000genome-20200401T041040Z-0,file_handling,file_handling,4,56,14.0,40,1141365,4,98058
1000genome-20200401T041040Z-0,frequency,frequency,28,0,0.0,112,20501126,28,7426728
1000genome-20200401T041040Z-0,individuals,individuals,40,40,1.0,80,40577462690,40,1141365
1000genome-20200401T041040Z-0,mutation_overlap,mutation_overlap,28,0,0.0,112,20501126,28,4148552
1000genome-20200401T041040Z-0,sifting,sifting,4,56,14.0,4,1461386942,4,2717992
1000genome-20200401T043900Z-0,file_handling,file_handling,6,84,14.0,60,1702979,6,146366
1000genome-20200401T043900Z-0,frequency,frequency,42,0,0.0,168,45678328,42,11193120
1000genome-20200401T043900Z-0,individuals,individuals,60,60,1.0,120,60862738840,60,1702979
1000genome-20200401T043900Z-0,mutation_overlap,mutation_overlap,42,0,0.0,168,45678328,42,6256510
1000genome-20200401T043900Z-0,sifting,sifting,6,84,14.0,6,4750022037,6,6210086
1000genome-20200401T050622Z-0,file_handling,file_handling,8,112,14.0,80,2267514,8,200017
1000genome-20200401T050622Z-0,frequency,frequency,56,0,0.0,224,60022176,56,14888276
1000genome-20200401T050622Z-0,individuals,individuals,80,80,1.0,160,81147557910,80,2267514
1000genome-20200401T050622Z-0,mutation_overlap,mutation_overlap,56,0,0.0,224,60022176,56,8331212
1000genome-20200401T050622Z-0,sifting,sifting,8,112,14.0,8,7505092457,8,8149215
1000genome-20200401T054035Z-0,file_handling,file_handling,10,140,14.0,100,2831564,10,246440
1000genome-20200401T054035Z-0,frequency,frequency,70,0,0.0,280,74643070,70,18596078
1000genome-20200401T054035Z-0,individuals,individuals,100,100,1.0,200,101432883020,100,2831564
1000genome-20200401T054035Z-0,mutation_overlap,mutation_overlap,70,0,0.0,280,74643070,70,10413592
1000genome-20200401T054035Z-0,sifting,sifting,10,140,14.0,10,9945357853,10,10135150
1000genome-20200401T060004Z-0,file_handling,file_handling,12,168,14.0,120,3368174,12,294690
1000genome-20200401T060004Z-0,frequency,frequency,84,0,0.0,336,86635835,84,22250478
1000genome-20200401T060004Z-0,individuals,individuals,120,120,1.0,240,121717915310,120,3368174
1000genome-20200401T060004Z-0,mutation_overlap,mutation_overlap,84,0,0.0,336,86635835,84,12480760
1000genome-20200401T060004Z-0,sifting,sifting,12,168,14.0,12,12188202334,12,11743811
1000genome-20200401T153108Z-0,file_handling,file_handling,14,196,14.0,140,3947100,14,347305
1000genome-20200401T153108Z-0,frequency,frequency,98,0,0.0,392,98833315,98,26069563
1000genome-20200401T153108Z-0,individuals,individuals,140,140,1.0,280,142003656550,140,3947100
1000genome-20200401T153108Z-0,mutation_overlap,mutation_overlap,98,0,0.0,392,98833315,98,14556370
1000genome-20200401T153108Z-0,sifting,sifting,14,196,14.0,14,13999443795,14,13377352
1000genome-20200401T183445Z-0,file_handling,file_handling,16,224,14.0,160,4562174,16,397615
1000genome-20200401T183445Z-0,frequency,frequency,112,0,0.0,448,115995265,112,29753753
1000genome-20200401T183445Z-0,individuals,individuals,160,160,1.0,320,162291193710,160,4562174
1000genome-20200401T183445Z-0,mutation_overlap,mutation_overlap,112,0,0.0,448,115995265,112,16647507
1000genome-20200401T183445Z-0,sifting,sifting,16,224,14.0,16,15932835767,16,15722408
1000genome-20200401T191800Z-0,file_handling,file_handling,18,252,14.0,180,5084113,18,446332
1000genome-20200401T191800Z-0,frequency,frequency,126,0,0.0,504,123960321,126,33555710
1000genome-20200401T191800Z-0,individuals,individuals,180,180,1.0,360,182581499990,180,5084113
1000genome-20200401T191800Z-0,mutation_overlap,mutation_overlap,126,0,0.0,504,123960321,126,18703245
1000genome-20200401T191800Z-0,sifting,sifting,18,252,14.0,18,17237420318,18,16755215
1000genome-20200401T200550Z-0,file_handling,file_handling,20,280,14.0,200,5612985,20,496919
1000genome-20200401T200550Z-0,frequency,frequency,140,0,0.0,560,136032935,140,37284027
1000genome-20200401T200550Z-0,individuals,individuals,200,200,1.0,400,202870577730,200,5612985
1000genome-20200401T200550Z-0,mutation_overlap,mutation_overlap,140,0,0.0,560,136032935,140,20776293
1000genome-20200401T200550Z-0,sifting,sifting,20,280,14.0,20,18514858688,20,18372946
1000genome-20200401T205149Z-0,file_handling,file_handling,22,308,14.0,220,6192109,22,546599
1000genome-20200401T205149Z-0,frequency,frequency,154,0,0.0,616,147299737,154,40985003
1000genome-20200401T205149Z-0,individuals,individuals,220,220,1.0,440,223158052810,220,6192109
1000genome-20200401T205149Z-0,mutation_overlap,mutation_overlap,154,0,0.0,616,147299737,154,22846993
1000genome-20200401T205149Z-0,sifting,sifting,22,308,14.0,22,19645303491,22,19876468
1000genome-20200401T233927Z-0,file_handling,file_handling,4,56,14.0,100,2844092,4,98586
1000genome-20200401T233927Z-0,frequency,frequency,28,0,0.0,112,20504822,28,7466757
1000genome-20200401T233927Z-0,individuals,individuals,100,100,1.0,200,253988961850,100,2844092
1000genome-20200401T233927Z-0,mutation_overlap,mutation_overlap,28,0,0.0,112,20504822,28,4148572
1000genome-20200401T233927Z-0,sifting,sifting,4,56,14.0,4,1461386942,4,2717992
1000genome-20200402T001655Z-0,file_handling,file_handling,2,28,14.0,50,1401135,2,49358
1000genome-20200402T001655Z-0,frequency,frequency,14,0,0.0,56,5727709,14,3663294
1000genome-20200402T001655Z-0,individuals,individuals,50,50,1.0,100,127000753750,50,1401135
1000genome-20200402T001655Z-0,mutation_overlap,mutation_overlap,14,0,0.0,56,5727709,14,2051694
1000genome-20200402T001655Z-0,sifting,sifting,2,28,14.0,2,548756182,2,712545
1000genome-20200402T010147Z-0,file_handling,file_handling,6,84,14.0,150,4224316,6,147698
1000genome-20200402T010147Z-0,frequency,frequency,42,0,0.0,168,45687652,42,11224212
1000genome-20200402T010147Z-0,individuals,individuals,150,150,1.0,300,380960806275,150,4224316
1000genome-20200402T010147Z-0,mutation_overlap,mutation_overlap,42,0,0.0,168,45687652,42,6256729
1000genome-20200402T010147Z-0,sifting,sifting,6,84,14.0,6,4750022037,6,6210086
1000genome-20200402T023420Z-0,file_handling,file_handling,8,112,14.0,200,5615138,8,198217
1000genome-20200402T023420Z-0,frequency,frequency,56,0,0.0,224,60009576,56,14866013
1000genome-20200402T023420Z-0,individuals,individuals,200,200,1.0,400,507933540100,200,5615138
1000genome-20200402T023420Z-0,mutation_overlap,mutation_overlap,56,0,0.0,224,60009576,56,8331308
1000genome-20200402T023420Z-0,sifting,sifting,8,112,14.0,8,7505092457,8,8149215
1000genome-20200402T045005Z-0,file_handling,file_handling,10,140,14.0,250,7031257,10,246467
1000genome-20200402T045005Z-0,frequency,frequency,70,0,0.0,280,74643259,70,18591937
1000genome-20200402T045005Z-0,individuals,individuals,250,250,1.0,500,634906177850,250,7031257
1000genome-20200402T045005Z-0,mutation_overlap,mutation_overlap,70,0,0.0,280,74643259,70,10413514
1000genome-20200402T045005Z-0,sifting,sifting,10,140,14.0,10,9945357853,10,10135150
1000genome-20200402T151149Z-0,file_handling,file_handling,12,168,14.0,300,8379594,12,294750
1000genome-20200402T151149Z-0,frequency,frequency,84,0,0.0,336,86636255,84,22357179
1000genome-20200402T151149Z-0,individuals,individuals,300,300,1.0,600,761878029750,300,8379594
1000genome-20200402T151149Z-0,mutation_overlap,mutation_overlap,84,0,0.0,336,86636255,84,12480620
1000genome-20200402T151149Z-0,sifting,sifting,12,168,14.0,12,12188202334,12,11743811
1000genome-20200402T190132Z-0,file_handling,file_handling,14,196,14.0,350,9827512,14,345624
1000genome-20200402T190132Z-0,frequency,frequency,98,0,0.0,392,98821548,98,26106671
1000genome-20200402T190132Z-0,individuals,individuals,350,350,1.0,700,888854717700,350,9827512
1000genome-20200402T190132Z-0,mutation_overlap,mutation_overlap,98,0,0.0,392,98821548,98,14556482
1000genome-20200402T190132Z-0,sifting,sifting,14,196,14.0,14,13999443795,14,13377352
1000genome-20200402T211348Z-0,file_handling,file_handling,16,224,14.0,400,11228248,16,396245
1000genome-20200402T211348Z-0,frequency,frequency,112,0,0.0,448,115985675,112,29845400
1000genome-20200402T211348Z-0,individuals,individuals,400,400,1.0,800,1015844545100,400,11228248
1000genome-20200402T211348Z-0,mutation_overlap,mutation_overlap,112,0,0.0,448,115985675,112,16647559
1000genome-20200402T211348Z-0,sifting,sifting,16,224,14.0,16,15932835767,16,15722408
1000genome-20200403T005440Z-0,file_handling,file_handling,18,252,14.0,450,12621569,18,443747
1000genome-20200403T005440Z-0,frequency,frequency,126,0,0.0,504,123942226,126,33490979
1000genome-20200403T005440Z-0,individuals,individuals,450,450,1.0,900,1142846463925,450,12621569
1000genome-20200403T005440Z-0,mutation_overlap,mutation_overlap,126,0,0.0,504,123942226,126,18703068
1000genome-20200403T005440Z-0,sifting,sifting,18,252,14.0,18,17237420318,18,16755215
1000genome-20200403T044548Z-0,file_handling,file_handling,20,280,14.0,500,14027634,20,494030
1000genome-20200403T044548Z-0,frequency,frequency,140,0,0.0,560,136012712,140,37339928
1000genome-20200403T044548Z-0,individuals,individuals,500,500,1.0,1000,1269839026325,500,14027634
1000genome-20200403T044548Z-0,mutation_overlap,mutation_overlap,140,0,0.0,560,136012712,140,20776422
1000genome-20200403T044548Z-0,sifting,sifting,20,280,14.0,20,18514858688,20,18372946
1000genome-20200403T154216Z-0,file_handling,file_handling,22,308,14.0,550,15426502,22,545014
1000genome-20200403T154216Z-0,frequency,frequency,154,0,0.0,616,147288642,154,41043858
1000genome-20200403T154216Z-0,individuals,individuals,550,550,1.0,1100,1396826535350,550,15426502
1000genome-20200403T154216Z-0,mutation_overlap,mutation_overlap,154,0,0.0,616,147288642,154,22847053
1000genome-20200403T154216Z-0,sifting,sifting,22,308,14.0,22,19645303491,22,19876468
Cycles-20200413T031424Z-0,baseline_cycles,baseline_cycles,16,32,2.0,112,19090608,176,156048441
Cycles-20200413T031424Z-0,cycles,cycles,16,32,2.0,128,19694256,160,154182803
Cycles-20200413T031424Z-0,cycles_fertilizer_increase_output_parser,cycles_fertilizer_increase_output_parser,16,16,1.0,64,200208,16,133848
Cycles-20200413T031424Z-0,cycles_fertilizer_increase_output_summary,cycles_fertilizer_increase_output_summary,1,0,0.0,16,133848,1,123288
Cycles-20200413T031424Z-0,cycles_output_summary,cycles_output_summary,1,1,1.0,32,100104,1,75142
Cycles-20200413T031424Z-0,cycles_plots,cycles_plots,1,0,0.0,1,75142,1,3399292
Cycles-20200413T031424Z-0,fertilizer_increase_cycles,fertilizer_increase_cycles,16,16,1.0,128,19694256,160,154263033
Cycles-20200413T042546Z-0,baseline_cycles,baseline_cycles,32,64,2.0,224,38181216,352,309187907
Cycles-20200413T042546Z-0,cycles,cycles,32,64,2.0,256,39388512,320,306049813
Cycles-20200413T042546Z-0,cycles_fertilizer_increase_output_parser,cycles_fertilizer_increase_output_parser,32,32,1.0,128,400480,32,267488
Cycles-20200413T042546Z-0,cycles_fertilizer_increase_output_summary,cycles_fertilizer_increase_output_summary,2,0,0.0,32,267488,2,246368
Cycles-20200413T042546Z-0,cycles_output_summary,cycles_output_summary,2,2,1.0,64,200240,2,150468
Cycles-20200413T042546Z-0,cycles_plots,cycles_plots,2,0,0.0,2,150468,2,6837030
Cycles-20200413T042546Z-0,fertilizer_increase_cycles,fertilizer_increase_cycles,32,32,1.0,256,39388512,320,306152111
Cycles-20200413T063123Z-0,baseline_cycles,baseline_cycles,48,96,2.0,336,57271824,528,463758129
Cycles-20200413T063123Z-0,cycles,cycles,48,96,2.0,384,59082768,480,459903303
Cycles-20200413T063123Z-0,cycles_fertilizer_increase_output_parser,cycles_fertilizer_increase_output_parser,48,48,1.0,192,600720,48,403312
Cycles-20200413T063123Z-0,cycles_fertilizer_increase_output_summary,cycles_fertilizer_increase_output_summary,3,0,0.0,48,403312,3,371632
Cycles-20200413T063123Z-0,cycles_output_summary,cycles_output_summary,3,3,1.0,96,300360,3,226742
Cycles-20200413T063123Z-0,cycles_plots,cycles_plots,3,0,0.0,3,226742,3,8979425
Cycles-20200413T063123Z-0,fertilizer_increase_cycles,fertilizer_increase_cycles,48,48,1.0,384,59082768,480,460024232
Cycles-20200413T072936Z-0,baseline_cycles,baseline_cycles,32,64,2.0,224,38181200,352,311395283
Cycles-20200413T072936Z-0,cycles,cycles,32,64,2.0,256,39388496,320,307838325
Cycles-20200413T072936Z-0,cycles_fertilizer_increase_output_parser,cycles_fertilizer_increase_output_parser,32,32,1.0,128,400416,32,267978
Cycles-20200413T072936Z-0,cycles_fertilizer_increase_output_summary,cycles_fertilizer_increase_output_summary,2,0,0.0,32,267978,2,246858
Cycles-20200413T072936Z-0,cycles_output_summary,cycles_output_summary,2,2,1.0,64,200208,2,150422
Cycles-20200413T072936Z-0,cycles_plots,cycles_plots,1,0,0.0,2,150422,1,3399292
Cycles-20200413T072936Z-0,fertilizer_increase_cycles,fertilizer_increase_cycles,32,32,1.0,256,39388496,320,307988330
Cycles-20200413T154303Z-0,baseline_cycles,baseline_cycles,64,128,2.0,448,76362400,704,616626215
Cycles-20200413T154303Z-0,cycles,cycles,64,128,2.0,512,78776992,640,610886607
Cycles-20200413T154303Z-0,cycles_fertilizer_increase_output_parser,cycles_fertilizer_increase_output_parser,64,64,1.0,256,800960,64,535282
Cycles-20200413T154303Z-0,cycles_fertilizer_increase_output_summary,cycles_fertilizer_increase_output_summary,4,0,0.0,64,535282,4,493042
Cycles-20200413T154303Z-0,cycles_output_summary,cycles_output_summary,4,4,1.0,128,400480,4,301086
Cycles-20200413T154303Z-0,cycles_plots,cycles_plots,2,0,0.0,4,301086,2,6837030
Cycles-20200413T154303Z-0,fertilizer_increase_cycles,fertilizer_increase_cycles,64,64,1.0,512,78776992,640,611085436
Cycles-20200413T155815Z-0,baseline_cycles,baseline_cycles,96,192,2.0,672,114543600,1056,924613979
Cycles-20200413T155815Z-0,cycles,cycles,96,192,2.0,768,118165488,960,917466237
Cycles-20200413T155815Z-0,cycles_fertilizer_increase_output_parser,cycles_fertilizer_increase_output_parser,96,96,1.0,384,1201440,96,806748
Cycles-20200413T155815Z-0,cycles_fertilizer_increase_output_summary,cycles_fertilizer_increase_output_summary,6,0,0.0,96,806748,6,743388
Cycles-20200413T155815Z-0,cycles_output_summary,cycles_output_summary,6,6,1.0,192,600720,6,453542
Cycles-20200413T155815Z-0,cycles_plots,cycles_plots,3,0,0.0,6,453542,3,8979425
Cycles-20200413T155815Z-0,fertilizer_increase_cycles,fertilizer_increase_cycles,96,96,1.0,768,118165488,960,917696253
Cycles-20200413T162720Z-0,baseline_cycles,baseline_cycles,80,160,2.0,560,95452976,880,777785721
Cycles-20200413T162720Z-0,cycles,cycles,80,160,2.0,640,98471216,800,768945744
Cycles-20200413T162720Z-0,cycles_fertilizer_increase_output_parser,cycles_fertilizer_increase_output_parser,80,80,1.0,320,1001040,80,670136
Cycles-20200413T162720Z-0,cycles_fertilizer_increase_output_summary,cycles_fertilizer_increase_output_summary,5,0,0.0,80,670136,5,617336
Cycles-20200413T162720Z-0,cycles_output_summary,cycles_output_summary,5,5,1.0,160,500520,5,376148
Cycles-20200413T162720Z-0,cycles_plots,cycles_plots,1,0,0.0,5,376148,1,3836518
Cycles-20200413T162720Z-0,fertilizer_increase_cycles,fertilizer_increase_cycles,80,80,1.0,640,98471216,800,769348935
Cycles-20200413T165415Z-0,baseline_cycles,baseline_cycles,160,320,2.0,1120,190905952,1760,1540051793
Cycles-20200413T165415Z-0,cycles,cycles,160,320,2.0,1280,196942432,1600,1525882185
Cycles-20200413T165415Z-0,cycles_fertilizer_increase_output_parser,cycles_fertilizer_increase_output_parser,160,160,1.0,640,2002400,160,1338384
Cycles-20200413T165415Z-0,cycles_fertilizer_increase_output_summary,cycles_fertilizer_increase_output_summary,10,0,0.0,160,1338384,10,1232784
Cycles-20200413T165415Z-0,cycles_output_summary,cycles_output_summary,10,10,1.0,320,1001200,10,752802
Cycles-20200413T165415Z-0,cycles_plots,cycles_plots,2,0,0.0,10,752802,2,7985023
Cycles-20200413T165415Z-0,fertilizer_increase_cycles,fertilizer_increase_cycles,160,160,1.0,1280,196942432,1600,1526403913
Cycles-20200413T181723Z-0,baseline_cycles,baseline_cycles,240,480,2.0,1680,286358928,2640,2309334429
Cycles-20200413T181723Z-0,cycles,cycles,240,480,2.0,1920,295413648,2400,2291647863
Cycles-20200413T181723Z-0,cycles_fertilizer_increase_output_parser,cycles_fertilizer_increase_output_parser,240,240,1.0,960,3003600,240,2016526
Cycles-20200413T181723Z-0,cycles_fertilizer_increase_output_summary,cycles_fertilizer_increase_output_summary,15,0,0.0,240,2016526,15,1858126
Cycles-20200413T181723Z-0,cycles_output_summary,cycles_output_summary,15,15,1.0,480,1501800,15,1133682
Cycles-20200413T181723Z-0,cycles_plots,cycles_plots,3,0,0.0,15,1133682,3,10111327
Cycles-20200413T181723Z-0,fertilizer_increase_cycles,fertilizer_increase_cycles,240,240,1.0,1920,295413648,2400,2292251941
Cycles-20200413T183636Z-0,baseline_cycles,baseline_cycles,160,320,2.0,1120,190905984,1760,1547623543
Cycles-20200413T183636Z-0,cycles,cycles,160,320,2.0,1280,196942464,1600,1531296465
Cycles-20200413T183636Z-0,cycles_fertilizer_increase_output_parser,cycles_fertilizer_increase_output_parser,160,160,1.0,640,2002080,160,1340288
Cycles-20200413T183636Z-0,cycles_fertilizer_increase_output_summary,cycles_fertilizer_increase_output_summary,10,0,0.0,160,1340288,10,1234688
Cycles-20200413T183636Z-0,cycles_output_summary,cycles_output_summary,10,10,1.0,320,1001040,10,752304
Cycles-20200413T183636Z-0,cycles_plots,cycles_plots,1,0,0.0,10,752304,1,5196625
Cycles-20200413T183636Z-0,fertilizer_increase_cycles,fertilizer_increase_cycles,160,160,1.0,1280,196942464,1600,1532015524
Cycles-20200413T185408Z-0,baseline_cycles,baseline_cycles,320,640,2.0,2240,381811968,3520,3066152098
Cycles-20200413T185408Z-0,cycles,cycles,320,640,2.0,2560,393884928,3200,3039887515
Cycles-20200413T185408Z-0,cycles_fertilizer_increase_output_parser,cycles_fertilizer_increase_output_parser,320,320,1.0,1280,4004800,320,2676682
Cycles-20200413T185408Z-0,cycles_fertilizer_increase_output_summary,cycles_fertilizer_increase_output_summary,20,0,0.0,320,2676682,20,2465482
Cycles-20200413T185408Z-0,cycles_output_summary,cycles_output_summary,20,20,1.0,640,2002400,20,1505554
Cycles-20200413T185408Z-0,cycles_plots,cycles_plots,2,0,0.0,20,1505554,2,10859327
Cycles-20200413T185408Z-0,fertilizer_increase_cycles,fertilizer_increase_cycles,320,320,1.0,2560,393884928,3200,3040810695
Cycles-20200413T191600Z-0,baseline_cycles,baseline_cycles,480,960,2.0,3360,572717952,5280,4603714845
Cycles-20200413T191600Z-0,cycles,cycles,480,960,2.0,3840,590827392,4800,4570285779
Cycles-20200413T191600Z-0,cycles_fertilizer_increase_output_parser,cycles_fertilizer_increase_output_parser,480,480,1.0,1920,6007200,480,4033104
Cycles-20200413T191600Z-0,cycles_fertilizer_increase_output_summary,cycles_fertilizer_increase_output_summary,30,0,0.0,480,4033104,30,3716304
Cycles-20200413T191600Z-0,cycles_output_summary,cycles_output_summary,30,30,1.0,960,3003600,30,2267384
Cycles-20200413T191600Z-0,cycles_plots,cycles_plots,3,0,0.0,30,2267384,3,14336053
Cycles-20200413T191600Z-0,fertilizer_increase_cycles,fertilizer_increase_cycles,480,480,1.0,3840,590827392,4800,4571364861
Cycles-20200413T200654Z-0,baseline_cycles,baseline_cycles,54,108,2.0,378,64430802,594,515518709
Cycles-20200413T200654Z-0,cycles,cycles,54,108,2.0,432,66468114,540,518796919
Cycles-20200413T200654Z-0,cycles_fertilizer_increase_output_parser,cycles_fertilizer_increase_output_parser,54,54,1.0,216,675756,54,453356
Cycles-20200413T200654Z-0,cycles_fertilizer_increase_output_summary,cycles_fertilizer_increase_output_summary,1,0,0.0,54,453356,1,416044
Cycles-20200413T200654Z-0,cycles_output_summary,cycles_output_summary,1,1,1.0,108,337869,1,253400
Cycles-20200413T200654Z-0,cycles_plots,cycles_plots,1,0,0.0,1,253400,1,3992987
Cycles-20200413T200654Z-0,fertilizer_increase_cycles,fertilizer_increase_cycles,54,54,1.0,432,66468114,540,519124637
Cycles-20200413T202348Z-0,baseline_cycles,baseline_cycles,108,216,2.0,756,128861604,1188,1022427041
Cycles-20200413T202348Z-0,cycles,cycles,108,216,2.0,864,132936228,1080,1030855676
Cycles-20200413T202348Z-0,cycles_fertilizer_increase_output_parser,cycles_fertilizer_increase_output_parser,108,108,1.0,432,1351728,108,906934
Cycles-20200413T202348Z-0,cycles_fertilizer_increase_output_summary,cycles_fertilizer_increase_output_summary,2,0,0.0,108,906934,2,832310
Cycles-20200413T202348Z-0,cycles_output_summary,cycles_output_summary,2,2,1.0,216,675846,2,507858
Cycles-20200413T202348Z-0,cycles_plots,cycles_plots,2,0,0.0,2,507858,2,8108749
Cycles-20200413T202348Z-0,fertilizer_increase_cycles,fertilizer_increase_cycles,108,108,1.0,864,132936228,1080,1031596604
Cycles-20200413T205119Z-0,baseline_cycles,baseline_cycles,162,324,2.0,1134,193292406,1782,1533935268
Cycles-20200413T205119Z-0,cycles,cycles,162,324,2.0,1296,199404342,1620,1548340508
Cycles-20200413T205119Z-0,cycles_fertilizer_increase_output_parser,cycles_fertilizer_increase_output_parser,162,162,1.0,648,2027592,162,1366304
Cycles-20200413T205119Z-0,cycles_fertilizer_increase_output_summary,cycles_fertilizer_increase_output_summary,3,0,0.0,162,1366304,3,1254368
Cycles-20200413T205119Z-0,cycles_output_summary,cycles_output_summary,3,3,1.0,324,1013769,3,764776
Cycles-20200413T205119Z-0,cycles_plots,cycles_plots,3,0,0.0,3,764776,3,11012859
Cycles-20200413T205119Z-0,fertilizer_increase_cycles,fertilizer_increase_cycles,162,162,1.0,1296,199404342,1620,1549224261
Cycles-20200413T212956Z-0,baseline_cycles,baseline_cycles,108,216,2.0,756,128861550,1188,1029705219
Cycles-20200413T212956Z-0,cycles,cycles,108,216,2.0,864,132936174,1080,1037104846
Cycles-20200413T212956Z-0,cycles_fertilizer_increase_output_parser,cycles_fertilizer_increase_output_parser,108,108,1.0,432,1351512,108,907880
Cycles-20200413T212956Z-0,cycles_fertilizer_increase_output_summary,cycles_fertilizer_increase_output_summary,2,0,0.0,108,907880,2,833256
Cycles-20200413T212956Z-0,cycles_output_summary,cycles_output_summary,2,2,1.0,216,675738,2,507386
Cycles-20200413T212956Z-0,cycles_plots,cycles_plots,1,0,0.0,2,507386,1,3992987
Cycles-20200413T212956Z-0,fertilizer_increase_cycles,fertilizer_increase_cycles,108,108,1.0,864,132936174,1080,1037709856
Cycles-20200413T213511Z-0,baseline_cycles,baseline_cycles,324,648,2.0,2268,386584650,3564,3063437770
Cycles-20200413T213511Z-0,cycles,cycles,324,648,2.0,2592,398808522,3240,3093480666
Cycles-20200413T213511Z-0,cycles_fertilizer_increase_output_parser,cycles_fertilizer_increase_output_parser,324,324,1.0,1296,4055184,324,2734126
Cycles-20200413T213511Z-0,cycles_fertilizer_increase_output_summary,cycles_fertilizer_increase_output_summary,6,0,0.0,324,2734126,6,2510254
Cycles-20200413T213511Z-0,cycles_output_summary,cycles_output_summary,6,6,1.0,648,2027538,6,1530328
Cycles-20200413T213511Z-0,cycles_plots,cycles_plots,3,0,0.0,6,1530328,3,11012859
Cycles-20200413T213511Z-0,fertilizer_increase_cycles,fertilizer_increase_cycles,324,324,1.0,2592,398808522,3240,3095061994
Cycles-20200413T214833Z-0,baseline_cycles,baseline_cycles,270,540,2.0,1890,322153794,2970,2572160279
Cycles-20200413T214833Z-0,cycles,cycles,270,540,2.0,2160,332340354,2700,2589965485
Cycles-20200413T214833Z-0,cycles_fertilizer_increase_output_parser,cycles_fertilizer_increase_output_parser,270,270,1.0,1080,3378780,270,2269492
Cycles-20200413T214833Z-0,cycles_fertilizer_increase_output_summary,cycles_fertilizer_increase_output_summary,5,0,0.0,270,2269492,5,2082932
Cycles-20200413T214833Z-0,cycles_output_summary,cycles_output_summary,5,5,1.0,540,1689345,5,1268354
Cycles-20200413T214833Z-0,cycles_plots,cycles_plots,1,0,0.0,5,1268354,1,4574416
Cycles-20200413T214833Z-0,fertilizer_increase_cycles,fertilizer_increase_cycles,270,270,1.0,2160,332340354,2700,2591541040
Cycles-20200413T220633Z-0,baseline_cycles,baseline_cycles,216,432,2.0,1512,257723100,2376,2041863463
Cycles-20200413T220633Z-0,cycles,cycles,216,432,2.0,1728,265872348,2160,2060107396
Cycles-20200413T220633Z-0,cycles_fertilizer_increase_output_parser,cycles_fertilizer_increase_output_parser,216,216,1.0,864,2703456,216,1816040
Cycles-20200413T220633Z-0,cycles_fertilizer_increase_output_summary,cycles_fertilizer_increase_output_summary,4,0,0.0,216,1816040,4,1666792
Cycles-20200413T220633Z-0,cycles_output_summary,cycles_output_summary,4,4,1.0,432,1351692,4,1016820
Cycles-20200413T220633Z-0,cycles_plots,cycles_plots,2,0,0.0,4,1016820,2,8108749
Cycles-20200413T220633Z-0,fertilizer_increase_cycles,fertilizer_increase_cycles,216,216,1.0,1728,265872348,2160,2061443276
Cycles-20200413T231722Z-0,baseline_cycles,baseline_cycles,540,1080,2.0,3780,644307588,5940,5100353111
Cycles-20200413T231722Z-0,cycles,cycles,540,1080,2.0,4320,664680708,5400,5144899521
Cycles-20200413T231722Z-0,cycles_fertilizer_increase_output_parser,cycles_fertilizer_increase_output_parser,540,540,1.0,2160,6758640,540,4539278
Cycles-20200413T231722Z-0,cycles_fertilizer_increase_output_summary,cycles_fertilizer_increase_output_summary,10,0,0.0,540,4539278,10,4166158
Cycles-20200413T231722Z-0,cycles_output_summary,cycles_output_summary,10,10,1.0,1080,3379230,10,2541624
Cycles-20200413T231722Z-0,cycles_plots,cycles_plots,2,0,0.0,10,2541624,2,9074885
Cycles-20200413T231722Z-0,fertilizer_increase_cycles,fertilizer_increase_cycles,540,540,1.0,4320,664680708,5400,5148302229
Cycles-20200413T232924Z-0,baseline_cycles,baseline_cycles,810,1620,2.0,5670,966461382,8910,7652865376
Cycles-20200413T232924Z-0,cycles,cycles,810,1620,2.0,6480,997021062,8100,7726469764
Cycles-20200413T232924Z-0,cycles_fertilizer_increase_output_parser,cycles_fertilizer_increase_output_parser,810,810,1.0,3240,10137960,810,6832796
Cycles-20200413T232924Z-0,cycles_fertilizer_increase_output_summary,cycles_fertilizer_increase_output_summary,15,0,0.0,810,6832796,15,6273116
Cycles-20200413T232924Z-0,cycles_output_summary,cycles_output_summary,15,15,1.0,1620,5068845,15,3824548
Cycles-20200413T232924Z-0,cycles_plots,cycles_plots,3,0,0.0,15,3824548,3,12162800
Cycles-20200413T232924Z-0,fertilizer_increase_cycles,fertilizer_increase_cycles,810,810,1.0,6480,997021062,8100,7730464605
Cycles-20200414T003455Z-0,baseline_cycles,baseline_cycles,540,1080,2.0,3780,644307696,5940,5126117438
Cycles-20200414T003455Z-0,cycles,cycles,540,1080,2.0,4320,664680816,5400,5165664001
Cycles-20200414T003455Z-0,cycles_fertilizer_increase_output_parser,cycles_fertilizer_increase_output_parser,540,540,1.0,2160,6757560,540,4543258
Cycles-20200414T003455Z-0,cycles_fertilizer_increase_output_summary,cycles_fertilizer_increase_output_summary,10,0,0.0,540,4543258,10,4170138
Cycles-20200414T003455Z-0,cycles_output_summary,cycles_output_summary,10,10,1.0,1080,3378690,10,2538854
Cycles-20200414T003455Z-0,cycles_plots,cycles_plots,1,0,0.0,10,2538854,1,6353627
Cycles-20200414T003455Z-0,fertilizer_increase_cycles,fertilizer_increase_cycles,540,540,1.0,4320,664680816,5400,5168516502
Cycles-20200414T010852Z-0,baseline_cycles,baseline_cycles,1080,2160,2.0,7560,1288615392,11880,10169494270
Cycles-20200414T010852Z-0,cycles,cycles,1080,2160,2.0,8640,1329361632,10800,10265519534
Cycles-20200414T010852Z-0,cycles_fertilizer_increase_output_parser,cycles_fertilizer_increase_output_parser,1080,1080,1.0,4320,13517280,1080,9085724
Cycles-20200414T010852Z-0,cycles_fertilizer_increase_output_summary,cycles_fertilizer_increase_output_summary,20,0,0.0,1080,9085724,20,8339484
Cycles-20200414T010852Z-0,cycles_output_summary,cycles_output_summary,20,20,1.0,2160,6758460,20,5086856
Cycles-20200414T010852Z-0,cycles_plots,cycles_plots,2,0,0.0,20,5086856,2,12737556
Cycles-20200414T010852Z-0,fertilizer_increase_cycles,fertilizer_increase_cycles,1080,1080,1.0,8640,1329361632,10800,10271508530
Cycles-20200414T012817Z-0,baseline_cycles,baseline_cycles,1620,3240,2.0,11340,1932923088,17820,15270678401
Cycles-20200414T012817Z-0,cycles,cycles,1620,3240,2.0,12960,1994042448,16200,15427274978
Cycles-20200414T012817Z-0,cycles_fertilizer_increase_output_parser,cycles_fertilizer_increase_output_parser,1620,1620,1.0,6480,20275920,1620,13673462
Cycles-20200414T012817Z-0,cycles_fertilizer_increase_output_summary,cycles_fertilizer_increase_output_summary,30,0,0.0,1620,13673462,30,12554102
Cycles-20200414T012817Z-0,cycles_output_summary,cycles_output_summary,30,30,1.0,3240,10137690,30,7653062
Cycles-20200414T012817Z-0,cycles_plots,cycles_plots,3,0,0.0,30,7653062,3,17508458
Cycles-20200414T012817Z-0,fertilizer_increase_cycles,fertilizer_increase_cycles,1620,1620,1.0,12960,1994042448,16200,15434341061
Montage,madd,madd,3,6,2.0,186,746717295,6,38897280
Montage,mbackground,mbackground,90,180,2.0,360,747288000,180,746674560
Montage,mbgmodel,mbgmodel,3,90,30.0,6,123615,3,5118
Montage,mconcatfit,mconcatfit,3,3,1.0,426,168638,3,88611
Montage,mdifffit,mdifffit,423,423,1.0,2115,7018671411,423,112088
Montage,mimgtbl,mimgtbl,3,3,1.0,93,373352610,3,41916
Montage,mproject,mproject,90,936,10.4,180,134077760,180,746674560
Montage,mviewer,mviewer,4,0,0.0,6,38897280,4,3520783
airrflow,add_meta_to_tab,add_meta_to_tab,8,8,1.0,16,575264,24,564219
airrflow,airrflow_report,airrflow_report,1,0,0.0,6,41314,6,7321068
airrflow,changeo_assigngenes,changeo_assigngenes,8,8,1.0,16,36696800,32,2079200
airrflow,changeo_makedb,changeo_makedb,8,16,2.0,24,16113689,24,569893
airrflow,changeo_parsedb_split,changeo_parsedb_split,8,8,1.0,8,561634,24,560180
airrflow,collapse_duplicates,collapse_duplicates,8,8,1.0,8,562564,32,8878286
airrflow,custom_dumpsoftwareversions,custom_dumpsoftwareversions,1,1,1.0,1,21424,3,10583
airrflow,define_clones_compute,define_clones_compute,2,8,4.0,10,4044711,14,14912528
airrflow,define_clones_report,define_clones_report,1,0,0.0,2,1755609,11,9078376
airrflow,dowser_lineages,dowser_lineages,8,0,0.0,8,627281,24,7868806
airrflow,file_handling,file_handling,8,8,1.0,24,6822997,24,6357885
airrflow,filter_junction_mod3,filter_junction_mod3,8,8,1.0,8,549930,24,551799
airrflow,filter_quality,filter_quality,8,8,1.0,8,557965,24,563825
airrflow,find_clonal_threshold,find_clonal_threshold,1,0,0.0,2,12028,5,5206895
airrflow,gunzip_umi,gunzip_umi,8,8,1.0,16,6357045,24,22549388
airrflow,parse_logs,parse_logs,1,1,1.0,81,39033,11,6284
airrflow,preprocessing,preprocessing,8,16,2.0,16,6098015,48,11905942
airrflow,presto_assemblepairs_umi,presto_assemblepairs_umi,8,24,3.0,16,7150986,40,16938222
airrflow,presto_buildconsensus_umi,presto_buildconsensus_umi,8,16,2.0,16,8059128,64,20211488
airrflow,presto_clustersets_umi,presto_clustersets_umi,8,16,2.0,16,7796436,64,12596381
airrflow,presto_collapseseq_umi,presto_collapseseq_umi,8,16,2.0,8,6105240,40,11261000
airrflow,presto_filterseq_umi,presto_filterseq_umi,8,16,2.0,16,22548708,64,30777839
airrflow,presto_maskprimers_umi,presto_maskprimers_umi,8,16,2.0,32,15665269,64,31645440
airrflow,presto_pairseq_umi,presto_pairseq_umi,8,16,2.0,16,10578490,32,7810837
airrflow,presto_parse_cluster_umi,presto_parse_cluster_umi,8,8,1.0,16,7942376,32,8084106
airrflow,presto_parseheaders_collapse_umi,presto_parseheaders_collapse_umi,8,8,1.0,8,5407230,16,5394924
airrflow,presto_parseheaders_metadata_umi,presto_parseheaders_metadata_umi,8,8,1.0,8,5631120,16,6106104
airrflow,presto_parseheaders_primers_umi,presto_parseheaders_primers_umi,8,8,1.0,8,5394060,16,5631976
airrflow,presto_postconsensus_pairseq_umi,presto_postconsensus_pairseq_umi,8,16,2.0,16,7154004,32,7165369
airrflow,presto_splitseq_umi,presto_splitseq_umi,8,16,2.0,8,5463965,24,170211
airrflow,qc,qc,8,8,1.0,8,5407230,24,10117341
airrflow,report_file_size,report_file_size,1,1,1.0,2,8178,3,7240187
airrflow,reporting,reporting,1,0,0.0,28,9447924,4,14703937
airrflow,samplesheet_check,samplesheet_check,1,9,9.0,1,3174,2,3292
airrflow,unzip_igblast,unzip_igblast,1,8,8.0,1,747580,2,4567511
airrflow,unzip_imgt,unzip_imgt,1,11,11.0,1,261314,2,1754791
atacseq,alignment,alignment,9,16,1.7777777777777777,21,244114281,18,93843073
atacseq,bam_remove_orphans,bam_remove_orphans,3,3,1.0,3,24162485,6,23926654
atacseq,bamtools_filter,bamtools_filter,6,37,6.166666666666667,30,54459007,12,30326810
atacseq,custom_dumpsoftwareversions,custom_dumpsoftwareversions,1,1,1.0,1,11531,3,10203
atacseq,custom_getchromsizes,custom_getchromsizes,1,24,24.0,1,12359807,3,680
atacseq,deduplication,deduplication,22,72,3.272727272727273,54,334205230,100,133715792
atacseq,deseq2_qc,deseq2_qc,2,2,1.0,6,166640,20,230852
atacseq,file_handling,file_handling,93,163,1.7526881720430108,216,926784946,198,104900701
atacseq,frip_score,frip_score,8,8,1.0,16,43693082,16,1203
atacseq,genome_blacklist_regions,genome_blacklist_regions,1,6,6.0,1,179,2,289
atacseq,genomic_interval_ops,genomic_interval_ops,8,8,1.0,16,42932396,24,23448415
atacseq,get_autosomes,get_autosomes,1,6,6.0,1,412,2,127
atacseq,gtf2bed,gtf2bed,1,7,7.0,1,12037571,2,400680
atacseq,homer_annotatepeaks,homer_annotatepeaks,10,8,0.8,30,244851392,20,2063558
atacseq,igv,igv,1,0,0.0,19,20071611,4,12371794
atacseq,indexing,indexing,22,84,3.8181818181818183,22,149740559,44,256810
atacseq,khmer_uniquekmers,khmer_uniquekmers,1,0,0.0,1,12359807,3,2008
atacseq,macs2_callpeak,macs2_callpeak,8,54,6.75,8,42928540,32,2598249
atacseq,macs2_consensus,macs2_consensus,2,6,3.0,8,764542,12,855451
atacseq,plot_homer_annotatepeaks,plot_homer_annotatepeaks,2,2,1.0,10,1569322,8,73710
atacseq,plot_macs2_qc,plot_macs2_qc,2,0,0.0,8,764542,6,207864
atacseq,qc,qc,8,8,1.0,12,63869987,32,13544424
atacseq,quantification,quantification,2,4,2.0,12,42970053,6,165988
atacseq,reporting,reporting,9,8,0.8888888888888888,208,13683614,28,14313271
atacseq,samplesheet_check,samplesheet_check,1,0,0.0,1,1371,2,1536
atacseq,trimgalore,trimgalore,8,16,2.0,12,63869987,56,75306375
atacseq,tss_extract,tss_extract,1,12,12.0,1,400614,2,210259
atacseq,visualization,visualization,32,38,1.1875,52,56051561,88,253195411
bacass,get_software_versions,get_software_versions,1,1,1.0,5,32,2,739
bacass,prokka,prokka,2,1,0.5,2,5775857,26,58528863
bacass,qc,qc,2,3,1.5,4,227094340,10,4459010
bacass,quast,quast,1,1,1.0,2,5775857,3,1338335
bacass,reporting,reporting,1,0,0.0,7,1600656,4,2123793
bacass,skewer,skewer,2,3,1.5,4,227094340,8,220448259
bacass,unicycler,unicycler,2,5,2.5,4,220444120,8,11547779
chain-5-5000-0.6-100000000-cascadelake-1-0-1683736566.json,cpuhog_chain,cpuhog_chain,5,4,0.8,5,83333335,5,83333335
chipseq,alignment,alignment,7,12,1.7142857142857142,19,197490791,14,94270847
chipseq,annotate_boolean_peaks,annotate_boolean_peaks,1,0,0.0,2,469441,2,418616
chipseq,bam_filter,bam_filter,6,6,1.0,30,58734956,12,40088736
chipseq,bam_remove_orphans,bam_remove_orphans,6,6,1.0,6,40088136,12,44709067
chipseq,custom_dumpsoftwareversions,custom_dumpsoftwareversions,1,1,1.0,1,2559,3,8386
chipseq,custom_getchromsizes,custom_getchromsizes,1,7,7.0,1,12359807,3,673
chipseq,deduplication,deduplication,18,48,2.6666666666666665,24,228524674,96,116093443
chipseq,deseq2_qc,deseq2_qc,1,1,1.0,3,70689,10,87196
chipseq,file_handling,file_handling,66,156,2.3636363636363638,120,586202471,132,98306531
chipseq,frip_score,frip_score,4,4,1.0,8,21742376,8,410
chipseq,genome_blacklist_regions,genome_blacklist_regions,1,6,6.0,1,179,2,300
chipseq,genomic_interval_ops,genomic_interval_ops,6,6,1.0,12,40250197,18,15378754
chipseq,gtf2bed,gtf2bed,1,6,6.0,1,12037571,2,400680
chipseq,homer_annotatepeaks_consensus,homer_annotatepeaks_consensus,1,1,1.0,3,24448141,2,222146
chipseq,homer_annotatepeaks_macs2,homer_annotatepeaks_macs2,4,4,1.0,12,97818776,8,543628
chipseq,igv,igv,1,0,0.0,13,17257371,3,6660
chipseq,indexing,indexing,18,68,3.7777777777777777,18,155973893,36,194236
chipseq,khmer_uniquekmers,khmer_uniquekmers,1,0,0.0,1,12359807,3,1993
chipseq,macs2_callpeak,macs2_callpeak,4,24,6.0,8,58981308,16,802760
chipseq,macs2_consensus,macs2_consensus,1,4,4.0,4,229264,7,355142
chipseq,phantompeakqualtools,phantompeakqualtools,6,12,2.0,6,40247210,24,73592
chipseq,plot_homer_annotatepeaks,plot_homer_annotatepeaks,1,1,1.0,5,543772,4,37357
chipseq,plot_macs2_qc,plot_macs2_qc,1,0,0.0,4,229264,3,95429
chipseq,qc,qc,6,6,1.0,12,59247687,30,12410635
chipseq,quantification,quantification,1,2,2.0,5,21560959,3,70206
chipseq,reporting,reporting,11,10,0.9090909090909091,221,11681587,30,14282465
chipseq,samplesheet_check,samplesheet_check,1,0,0.0,1,1518,2,1633
chipseq,trimgalore,trimgalore,6,12,2.0,12,59247687,54,70227963
chipseq,visualization,visualization,28,34,1.2142857142857142,52,98432141,82,177934720
cutandrun,alignment,alignment,4,12,3.0,12,229529126,12,1558284
cutandrun,complexity_estimation,complexity_estimation,2,0,0.0,2,36685,4,1281
cutandrun,consensus_peak_counts,consensus_peak_counts,1,1,1.0,2,1024,2,558
cutandrun,custom_dumpsoftwareversions,custom_dumpsoftwareversions,1,1,1.0,1,7791,4,25527
cutandrun,cut,cut,1,0,0.0,1,22933,2,7416
cutandrun,cut_calc_reprod,cut_calc_reprod,1,0,0.0,1,460,2,308
cutandrun,deduplication,deduplication,3,7,2.3333333333333335,9,196605937,9,64837
cutandrun,file_handling,file_handling,42,64,1.5238095238095237,81,541699800,84,1911894
cutandrun,filtering,filtering,11,6,0.5454545454545454,15,35504,22,25785
cutandrun,genomic_interval_ops,genomic_interval_ops,9,10,1.1111111111111112,14,433156,18,407599
cutandrun,gunzip_bed,gunzip_bed,1,3,3.0,0,0,2,356269
cutandrun,gunzip_fasta,gunzip_fasta,1,13,13.0,0,0,2,65518319
cutandrun,gunzip_gtf,gunzip_gtf,1,0,0.0,0,0,2,5894462
cutandrun,gunzip_spikein_fasta,gunzip_spikein_fasta,1,3,3.0,0,0,2,4708115
cutandrun,igv_session,igv_session,1,0,0.0,6,65680641,12,65682445
cutandrun,indexing,indexing,12,37,3.0833333333333335,10,1968921,25,114304006
cutandrun,plot_consensus_peaks,plot_consensus_peaks,1,0,0.0,1,560,1,135
cutandrun,primary_peak_counts,primary_peak_counts,1,1,1.0,2,725,2,547
cutandrun,qc,qc,3,3,1.0,6,914493,12,3453017
cutandrun,reporting,reporting,1,0,0.0,32,2915588,4,4309165
cutandrun,samplesheet_check,samplesheet_check,1,0,0.0,1,529,2,671
cutandrun,seacr_callpeak_igg,seacr_callpeak_igg,1,3,3.0,2,13618,2,373
cutandrun,sort,sort,1,1,1.0,1,460,2,526
cutandrun,spikein_chromsizes,spikein_chromsizes,1,0,0.0,1,4708032,3,134
cutandrun,target_chromsizes,target_chromsizes,1,7,7.0,1,65518244,3,128
cutandrun,trimgalore,trimgalore,2,6,3.0,4,913083,18,4322674
cutandrun,visualization,visualization,15,18,1.2,27,1104764,42,4056850
fetchngs,custom_dumpsoftwareversions,custom_dumpsoftwareversions,1,0,0.0,1,414,3,2470
fetchngs,custom_sratoolsncbisettings,custom_sratoolsncbisettings,1,6,6.0,0,0,2,215
fetchngs,file_handling,file_handling,1,1,1.0,18,20827,3,14607
fetchngs,reporting,reporting,1,0,0.0,1,3955,2,4237
fetchngs,sra_fastq_ftp,sra_fastq_ftp,6,0,0.0,0,0,24,832697
fetchngs,sra_ids_to_runinfo,sra_ids_to_runinfo,9,9,1.0,0,0,18,13542
fetchngs,sra_runinfo_to_ftp,sra_runinfo_to_ftp,9,0,0.0,9,13002,18,15122
fetchngs,sra_to_samplesheet,sra_to_samplesheet,9,9,1.0,0,0,18,20827
fetchngs,sratools_fasterqdump,sratools_fasterqdump,3,0,0.0,6,39713378,8,256460
fetchngs,sratools_prefetch,sratools_prefetch,3,3,1.0,3,294,6,39713405
forkjoin-10-5000-0.6-100000000-cascadelake-1-0-1683197671.json,cpuhog_forkjoin,cpuhog_forkjoin,10,16,1.6,17,154545470,10,90909100
genome-dax-0,chr21_chr21,chr21_chr21,1,1,1.0,3,9264148,1,8974436
genome-dax-0,fast2bfq_fast2bfq_hep2_msp1_digests_s_1_sequence_1,fast2bfq_fast2bfq_hep2_msp1_digests_s_1_sequence_1,1,1,1.0,3,9941945,1,2377096
genome-dax-0,fast2bfq_fast2bfq_hep2_msp1_digests_s_1_sequence_2,fast2bfq_fast2bfq_hep2_msp1_digests_s_1_sequence_2,1,1,1.0,3,9991110,1,2323926
genome-dax-0,fast2bfq_fast2bfq_hep2_msp1_digests_s_1_sequence_3,fast2bfq_fast2bfq_hep2_msp1_digests_s_1_sequence_3,1,1,1.0,3,10025277,1,2277409
genome-dax-0,fast2bfq_fast2bfq_hep2_msp1_digests_s_1_sequence_4,fast2bfq_fast2bfq_hep2_msp1_digests_s_1_sequence_4,1,1,1.0,3,10190913,1,2286437
genome-dax-0,fast2bfq_fast2bfq_hep2_msp1_digests_s_1_sequence_5,fast2bfq_fast2bfq_hep2_msp1_digests_s_1_sequence_5,1,1,1.0,3,10177557,1,2353768
genome-dax-0,fast2bfq_fast2bfq_hep2_msp1_digests_s_1_sequence_6,fast2bfq_fast2bfq_hep2_msp1_digests_s_1_sequence_6,1,1,1.0,3,10168396,1,2402011
genome-dax-0,fast2bfq_fast2bfq_hep2_msp1_digests_s_1_sequence_7,fast2bfq_fast2bfq_hep2_msp1_digests_s_1_sequence_7,1,1,1.0,3,10064561,1,2284671
genome-dax-0,fast2bfq_fast2bfq_hep2_msp1_digests_s_1_sequence_8,fast2bfq_fast2bfq_hep2_msp1_digests_s_1_sequence_8,1,1,1.0,3,10062652,1,2193189
genome-dax-0,fast2bfq_fast2bfq_hep2_msp1_digests_s_1_sequence_9,fast2bfq_fast2bfq_hep2_msp1_digests_s_1_sequence_9,1,1,1.0,3,3686939,1,755757
genome-dax-0,fastqsplit_fastqsplit_hep2_msp1_digests_s_1_sequence,fastqsplit_fastqsplit_hep2_msp1_digests_s_1_sequence,1,9,9.0,1,109431824,9,109431824
genome-dax-0,file_handling,file_handling,2,2,1.0,14,19044244,2,17948872
genome-dax-0,filtercontams_filtercontams_hep2_msp1_digests_s_1_sequence_1,filtercontams_filtercontams_hep2_msp1_digests_s_1_sequence_1,1,1,1.0,1,12939188,1,12527346
genome-dax-0,filtercontams_filtercontams_hep2_msp1_digests_s_1_sequence_2,filtercontams_filtercontams_hep2_msp1_digests_s_1_sequence_2,1,1,1.0,1,12988842,1,12608036
genome-dax-0,filtercontams_filtercontams_hep2_msp1_digests_s_1_sequence_3,filtercontams_filtercontams_hep2_msp1_digests_s_1_sequence_3,1,1,1.0,1,13047226,1,12672660
genome-dax-0,filtercontams_filtercontams_hep2_msp1_digests_s_1_sequence_4,filtercontams_filtercontams_hep2_msp1_digests_s_1_sequence_4,1,1,1.0,1,13174232,1,12931412
genome-dax-0,filtercontams_filtercontams_hep2_msp1_digests_s_1_sequence_5,filtercontams_filtercontams_hep2_msp1_digests_s_1_sequence_5,1,1,1.0,1,13175800,1,12914500
genome-dax-0,filtercontams_filtercontams_hep2_msp1_digests_s_1_sequence_6,filtercontams_filtercontams_hep2_msp1_digests_s_1_sequence_6,1,1,1.0,1,13175488,1,12902408
genome-dax-0,filtercontams_filtercontams_hep2_msp1_digests_s_1_sequence_7,filtercontams_filtercontams_hep2_msp1_digests_s_1_sequence_7,1,1,1.0,1,13173552,1,12766068
genome-dax-0,filtercontams_filtercontams_hep2_msp1_digests_s_1_sequence_8,filtercontams_filtercontams_hep2_msp1_digests_s_1_sequence_8,1,1,1.0,1,13172138,1,12763090
genome-dax-0,filtercontams_filtercontams_hep2_msp1_digests_s_1_sequence_9,filtercontams_filtercontams_hep2_msp1_digests_s_1_sequence_9,1,1,1.0,1,4585358,1,4436434
genome-dax-0,map_map_hep2_msp1_digests_s_1_sequence_1,map_map_hep2_msp1_digests_s_1_sequence_1,1,1,1.0,4,49611200,1,1255491
genome-dax-0,map_map_hep2_msp1_digests_s_1_sequence_2,map_map_hep2_msp1_digests_s_1_sequence_2,1,1,1.0,4,49558030,1,1170640
genome-dax-0,map_map_hep2_msp1_digests_s_1_sequence_3,map_map_hep2_msp1_digests_s_1_sequence_3,1,1,1.0,4,49511513,1,1119402
genome-dax-0,map_map_hep2_msp1_digests_s_1_sequence_4,map_map_hep2_msp1_digests_s_1_sequence_4,1,1,1.0,4,49520541,1,1082144
genome-dax-0,map_map_hep2_msp1_digests_s_1_sequence_5,map_map_hep2_msp1_digests_s_1_sequence_5,1,1,1.0,4,49587872,1,1156862
genome-dax-0,map_map_hep2_msp1_digests_s_1_sequence_6,map_map_hep2_msp1_digests_s_1_sequence_6,1,1,1.0,4,49636115,1,1236978
genome-dax-0,map_map_hep2_msp1_digests_s_1_sequence_7,map_map_hep2_msp1_digests_s_1_sequence_7,1,1,1.0,4,49518775,1,1104747
genome-dax-0,map_map_hep2_msp1_digests_s_1_sequence_8,map_map_hep2_msp1_digests_s_1_sequence_8,1,1,1.0,4,49427293,1,1009647
genome-dax-0,map_map_hep2_msp1_digests_s_1_sequence_9,map_map_hep2_msp1_digests_s_1_sequence_9,1,1,1.0,4,47989861,1,354473
genome-dax-0,pileup_pileup,pileup_pileup,1,0,0.0,4,56208540,1,6924527
genome-dax-0,sol2sanger_sol2sanger_hep2_msp1_digests_s_1_sequence_1,sol2sanger_sol2sanger_hep2_msp1_digests_s_1_sequence_1,1,1,1.0,3,12817058,1,9652233
genome-dax-0,sol2sanger_sol2sanger_hep2_msp1_digests_s_1_sequence_2,sol2sanger_sol2sanger_hep2_msp1_digests_s_1_sequence_2,1,1,1.0,3,12897748,1,9701398
genome-dax-0,sol2sanger_sol2sanger_hep2_msp1_digests_s_1_sequence_3,sol2sanger_sol2sanger_hep2_msp1_digests_s_1_sequence_3,1,1,1.0,3,12962372,1,9735565
genome-dax-0,sol2sanger_sol2sanger_hep2_msp1_digests_s_1_sequence_4,sol2sanger_sol2sanger_hep2_msp1_digests_s_1_sequence_4,1,1,1.0,3,13221124,1,9901201
genome-dax-0,sol2sanger_sol2sanger_hep2_msp1_digests_s_1_sequence_5,sol2sanger_sol2sanger_hep2_msp1_digests_s_1_sequence_5,1,1,1.0,3,13204212,1,9887845
genome-dax-0,sol2sanger_sol2sanger_hep2_msp1_digests_s_1_sequence_6,sol2sanger_sol2sanger_hep2_msp1_digests_s_1_sequence_6,1,1,1.0,3,13192120,1,9878684
genome-dax-0,sol2sanger_sol2sanger_hep2_msp1_digests_s_1_sequence_7,sol2sanger_sol2sanger_hep2_msp1_digests_s_1_sequence_7,1,1,1.0,3,13055780,1,9774849
genome-dax-0,sol2sanger_sol2sanger_hep2_msp1_digests_s_1_sequence_8,sol2sanger_sol2sanger_hep2_msp1_digests_s_1_sequence_8,1,1,1.0,3,13052802,1,9772940
genome-dax-0,sol2sanger_sol2sanger_hep2_msp1_digests_s_1_sequence_9,sol2sanger_sol2sanger_hep2_msp1_digests_s_1_sequence_9,1,1,1.0,3,4726146,1,3397227
hic,alignment,alignment,7,14,2.0,13,220070738,22,132988156
hic,combine_mates,combine_mates,1,2,2.0,2,48878222,3,36531710
hic,cooler_balance,cooler_balance,2,6,3.0,2,228122,4,279756
hic,cooler_cload,cooler_cload,2,3,1.5,6,1150146,4,228236
hic,cooler_dump,cooler_dump,2,2,1.0,2,279638,4,1053728
hic,cooler_makebins,cooler_makebins,2,0,0.0,2,17778,4,761818
hic,cooler_zoomify,cooler_zoomify,1,0,0.0,1,119521,2,673069
hic,cooltools_eigscis,cooltools_eigscis,1,0,0.0,3,11684215,4,565157
hic,cooltools_insulation,cooltools_insulation,1,0,0.0,1,146949,2,1604599
hic,custom_dumpsoftwareversions,custom_dumpsoftwareversions,1,0,0.0,1,2383,3,6136
hic,custom_getchromsizes,custom_getchromsizes,1,6,6.0,1,11542637,3,21219
hic,file_handling,file_handling,5,6,1.2,5,5477617,16,5475325
hic,get_restriction_fragments,get_restriction_fragments,1,1,1.0,1,11542637,2,390983
hic,get_valid_interaction,get_valid_interaction,1,2,2.0,2,36922223,7,63826984
hic,hic_find_tads,hic_find_tads,1,0,0.0,1,146949,7,293749
hic,hic_plot_dist_vs_counts,hic_plot_dist_vs_counts,1,0,0.0,1,146949,3,31934
hic,hicpro2pairs,hicpro2pairs,1,2,2.0,2,5482182,3,566240
hic,qc,qc,1,1,1.0,2,52267921,5,1782861
hic,reporting,reporting,1,0,0.0,9,619542,4,2480617
hic,samplesheet_check,samplesheet_check,1,0,0.0,1,194,2,279
hic,split_cooler_dump,split_cooler_dump,2,0,0.0,2,1053616,6,1586146
hic,trim_reads,trim_reads,2,2,1.0,2,11780834,4,10338816
mag,adjust_maxbin2_ext,adjust_maxbin2_ext,3,5,1.6666666666666667,5,1090545,5,1090545
mag,alignment,alignment,15,48,3.2,93,170496605,87,121034882
mag,bin_summary,bin_summary,1,0,0.0,3,5974,2,6097
mag,busco,busco,19,38,2.0,38,518189264,144,2139127
mag,busco_db_preparation,busco_db_preparation,1,19,19.0,1,6084321,3,32986096
mag,busco_plot,busco_plot,7,0,0.0,19,13379,21,892724
mag,busco_summary,busco_summary,1,1,1.0,27,13842,2,1858
mag,centrifuge,centrifuge,2,0,0.0,12,28051458,8,1443824
mag,centrifuge_db_preparation,centrifuge_db_preparation,1,2,2.0,1,1771931,5,9191418
mag,convert_depths,convert_depths,4,4,1.0,8,6433872,12,6578735
mag,custom_dumpsoftwareversions,custom_dumpsoftwareversions,1,1,1.0,1,3324,3,7489
mag,gunzip_bins,gunzip_bins,9,36,4.0,9,2079944,18,6848150
mag,gunzip_unbins,gunzip_unbins,10,40,4.0,10,66304,20,209632
mag,kraken2,kraken2,2,0,0.0,10,15971836,6,1443708
mag,kraken2_db_preparation,kraken2_db_preparation,1,2,2.0,1,3547,4,3151604
mag,mag_depths,mag_depths,7,14,2.0,26,7233064,14,1862
mag,mag_depths_plot,mag_depths_plot,7,0,0.0,14,1617,14,172644
mag,mag_depths_summary,mag_depths_summary,1,1,1.0,7,1351,2,1205
mag,maxbin2,maxbin2,4,6,1.5,8,6578487,26,1699160
mag,megahit,megahit,2,6,3.0,4,9668738,8,3402876
mag,metabat2_jgisummarizebamcontigdepths,metabat2_jgisummarizebamcontigdepths,4,15,3.75,16,41140761,8,97911
mag,metabat2_metabat2,metabat2_metabat2,4,8,2.0,8,6433872,24,1975802
mag,preprocessing,preprocessing,2,4,2.0,4,10128034,12,11566415
mag,prodigal,prodigal,4,0,0.0,4,6336289,20,31764588
mag,prokka,prokka,19,0,0.0,19,7056717,247,72153539
mag,qc,qc,4,4,1.0,8,19796772,20,6932134
mag,quast,quast,4,4,1.0,4,6336289,60,5421087
mag,quast_bins,quast_bins,7,7,1.0,19,7056717,33,25257083
mag,quast_bins_summary,quast_bins_summary,1,1,1.0,7,5499,2,3119
mag,reporting,reporting,1,0,0.0,73,3960609,4,6229704
mag,spades,spades,2,6,3.0,4,9668738,12,7753906
mag,split_fasta,split_fasta,7,10,1.4285714285714286,7,236624,31,234701
makeflow-blast-large,blastall,blastall,100,200,2.0,300,511691970091,200,595110
makeflow-blast-large,cat,cat,1,0,0.0,100,0,1,0
makeflow-blast-large,cat_blast,cat_blast,1,0,0.0,101,595111,0,0
makeflow-blast-large,split_fasta,split_fasta,1,100,100.0,2,201390,100,201391
makeflow-blast-medium,blastall,blastall,300,600,2.0,900,1533890654400,600,175920
makeflow-blast-medium,cat,cat,1,0,0.0,300,0,1,0
makeflow-blast-medium,cat_blast,cat_blast,1,0,0.0,301,175921,0,0
makeflow-blast-medium,split_fasta,split_fasta,1,300,300.0,2,60410,300,60600
makeflow-blast-small,blastall,blastall,40,80,2.0,120,204497333160,80,554
makeflow-blast-small,cat,cat,1,0,0.0,40,0,1,0
makeflow-blast-small,cat_blast,cat_blast,1,0,0.0,41,555,0,0
makeflow-blast-small,split_fasta,split_fasta,1,40,40.0,2,204,40,240
makeflow-bwa-large,alignment,alignment,1002,3000,2.9940119760479043,9003,3915272509,2006,54247085
makeflow-bwa-large,cat,cat,1,0,0.0,1000,1000,1,133
makeflow-bwa-large,fastq_reduce,fastq_reduce,1,1000,1000.0,2,247790,1000,248776
makeflow-bwa-medium,alignment,alignment,1002,3000,2.9940119760479043,9003,392627450,2006,5765792
makeflow-bwa-medium,cat,cat,1,0,0.0,1000,1000,1,132
makeflow-bwa-medium,fastq_reduce,fastq_reduce,1,1000,1000.0,2,247790,1000,248777
makeflow-bwa-small,alignment,alignment,102,300,2.9411764705882355,903,38002577,206,230917
makeflow-bwa-small,cat,cat,1,0,0.0,100,100,1,14
makeflow-bwa-small,fastq_reduce,fastq_reduce,1,100,100.0,2,2440,100,2499
methylseq,bismark_align,bismark_align,3,15,5.0,7,61891785,9,7457016
methylseq,bismark_deduplicate,bismark_deduplicate,3,15,5.0,3,7451291,9,40816
methylseq,bismark_genomepreparation,bismark_genomepreparation,1,6,6.0,1,49200,2,17063228
methylseq,bismark_methylationextractor,bismark_methylationextractor,3,9,3.0,6,51229152,33,68878
methylseq,bismark_report,bismark_report,3,3,1.0,12,20074,6,9458343
methylseq,bismark_summary,bismark_summary,1,1,1.0,12,20074,3,3152672
methylseq,cat_fastq,cat_fastq,1,2,2.0,2,6594519,2,6594573
methylseq,complexity_estimation,complexity_estimation,3,0,0.0,3,5090296,0,0
methylseq,custom_dumpsoftwareversions,custom_dumpsoftwareversions,1,1,1.0,1,505,3,2744
methylseq,file_handling,file_handling,6,6,1.0,6,7491035,12,5127462
methylseq,qc,qc,3,3,1.0,4,10831347,11,3882288
methylseq,qualimap_bamqc,qualimap_bamqc,3,3,1.0,3,36659,6,2338777
methylseq,reporting,reporting,1,0,0.0,32,16522475,4,4018209
methylseq,samplesheet_check,samplesheet_check,1,0,0.0,1,561,2,688
methylseq,trimgalore,trimgalore,3,6,2.0,4,10831347,19,14704205
montage,madd,madd,3,6,2.0,30,99570321,6,1572480
montage,mbackground,mbackground,12,24,2.0,48,99576624,24,99561600
montage,mbgmodel,mbgmodel,3,12,4.0,6,10983,3,828
montage,mconcatfit,mconcatfit,3,3,1.0,21,8613,3,4371
montage,mdifffit,mdifffit,18,18,1.0,90,298689786,18,4713
montage,mimgtbl,mimgtbl,3,3,1.0,15,49783728,3,7908
montage,mproject,mproject,12,48,4.0,24,17848637,24,99561600
montage,mviewer,mviewer,4,0,0.0,6,1572480,4,152488
montage-0,madd,madd,3,6,2.0,486,1991432301,6,155537280
montage-0,mbackground,mbackground,240,480,2.0,960,1995528000,480,1991324160
montage-0,mbgmodel,mbgmodel,3,240,80.0,6,346695,3,13368
montage-0,mconcatfit,mconcatfit,3,3,1.0,1245,493657,3,257091
montage-0,mdifffit,mdifffit,1242,1242,1.0,6210,20610885474,1242,330637
montage-0,mimgtbl,mimgtbl,3,3,1.0,243,995701260,3,107316
montage-0,mproject,mproject,240,2724,11.35,480,357564815,480,1991324160
montage-0,mviewer,mviewer,4,0,0.0,6,155537280,4,12660627
rnaseq,alignment,alignment,7,21,3.0,23,50187558,46,72958743
rnaseq,bbmap_bbsplit,bbmap_bbsplit,6,15,2.5,16,48085743,41,62878444
rnaseq,cat_additional_fasta,cat_additional_fasta,1,58,58.0,3,439101,3,439448
rnaseq,cat_fastq,cat_fastq,2,5,2.5,6,13341288,5,13341384
rnaseq,custom_dumpsoftwareversions,custom_dumpsoftwareversions,1,1,1.0,1,7085,3,10533
rnaseq,custom_getchromsizes,custom_getchromsizes,1,25,25.0,1,234815,3,162
rnaseq,deduplication,deduplication,5,85,17.0,15,19127253,15,19447100
rnaseq,dupradar,dupradar,5,5,1.0,10,20454574,40,178566
rnaseq,file_handling,file_handling,35,40,1.1428571428571428,75,152299514,70,18609120
rnaseq,fq_subsample,fq_subsample,2,2,1.0,3,11097885,5,11134111
rnaseq,genomic_interval_ops,genomic_interval_ops,5,10,2.0,5,19431799,15,2240337
rnaseq,gtf2bed,gtf2bed,1,25,25.0,1,204555,2,6685
rnaseq,gunzip_additional_fasta,gunzip_additional_fasta,1,1,1.0,1,306,2,837
rnaseq,gunzip_gtf,gunzip_gtf,1,1,1.0,1,10452,2,204353
rnaseq,indexing,indexing,10,30,3.0,10,37384737,20,17499
rnaseq,qc,qc,5,5,1.0,8,24429162,21,7756590
rnaseq,qualimap_rnaseq,qualimap_rnaseq,5,5,1.0,10,20454574,10,2400115
rnaseq,quantification,quantification,31,58,1.8709677419354838,114,109851076,96,1370738
rnaseq,reporting,reporting,7,6,0.8571428571428571,131,6379230,20,8653691
rnaseq,rseqc_bamstat,rseqc_bamstat,5,5,1.0,5,19431799,10,4365
rnaseq,rseqc_inferexperiment,rseqc_inferexperiment,5,5,1.0,10,19464904,10,1244
rnaseq,rseqc_innerdistance,rseqc_innerdistance,5,3,0.6,10,19464904,20,7038560
rnaseq,rseqc_junctionannotation,rseqc_junctionannotation,5,5,1.0,10,19464904,40,222795
rnaseq,rseqc_junctionsaturation,rseqc_junctionsaturation,5,5,1.0,10,19464904,15,30565
rnaseq,rseqc_readdistribution,rseqc_readdistribution,5,5,1.0,10,19464904,10,5968
rnaseq,rseqc_readduplication,rseqc_readduplication,5,5,1.0,5,19431799,25,52514
rnaseq,samplesheet_check,samplesheet_check,1,0,0.0,1,1332,2,1450
rnaseq,stringtie_stringtie,stringtie_stringtie,5,0,0.0,10,20454574,25,389701
rnaseq,trimgalore,trimgalore,5,10,2.0,8,24429162,37,32171450
rnaseq,visualization,visualization,20,10,0.5,40,4480574,40,3381815
sarek,alignment,alignment,2,2,1.0,4,32823504,4,34440884
sarek,bcftools_stats,bcftools_stats,1,1,1.0,1,2180,2,2923
sarek,create_intervals_bed,create_intervals_bed,1,3,3.0,1,197,2,91
sarek,custom_dumpsoftwareversions,custom_dumpsoftwareversions,1,1,1.0,1,1849,3,5378
sarek,file_handling,file_handling,3,6,2.0,7,24235634,6,356801
sarek,gatk4_applybqsr,gatk4_applybqsr,1,4,4.0,7,23131948,2,1182737
sarek,gatk4_baserecalibrator,gatk4_baserecalibrator,1,2,2.0,10,23030110,2,160362
sarek,gatk4_createsequencedictionary,gatk4_createsequencedictionary,1,2,2.0,1,40675,2,172
sarek,gatk4_intervallisttobed,gatk4_intervallisttobed,1,3,3.0,1,197,2,105
sarek,gatk4_markduplicates,gatk4_markduplicates,1,6,6.0,3,34411182,4,22932801
sarek,indexing,indexing,5,10,2.0,5,24171232,11,1414
sarek,mosdepth,mosdepth,2,2,1.0,6,24194959,12,17445
sarek,qc,qc,1,1,1.0,2,32712617,5,1826255
sarek,reporting,reporting,1,0,0.0,18,1194113,4,3576703
sarek,strelka_single,strelka_single,1,4,4.0,6,1223607,5,6578
sarek,vcftools_summary,vcftools_summary,1,1,1.0,2,2202,2,257
sarek,vcftools_tstv_count,vcftools_tstv_count,1,1,1.0,2,2202,2,143
sarek,vcftools_tstv_qual,vcftools_tstv_qual,1,1,1.0,2,2202,2,242
scrnaseq,alignment,alignment,3,9,3.0,14,1457273154,16,663126607
scrnaseq,concat_h5ad,concat_h5ad,1,0,0.0,3,547798,1,594550
scrnaseq,custom_dumpsoftwareversions,custom_dumpsoftwareversions,1,1,1.0,1,454,3,2300
scrnaseq,gtf_gene_filter,gtf_gene_filter,1,3,3.0,2,83450353,2,20994982
scrnaseq,mtx_to_h5ad,mtx_to_h5ad,2,2,1.0,4,1317339765,10,910477
scrnaseq,mtx_to_seurat,mtx_to_seurat,2,0,0.0,2,4677817,4,335252
scrnaseq,qc,qc,2,2,1.0,6,14693779,14,5266582
scrnaseq,reporting,reporting,1,0,0.0,11,1997154,4,2347655
scrnaseq,samplesheet_check,samplesheet_check,1,0,0.0,1,854,2,936
seismology-0,sg1iterdecon,sg1iterdecon,1000,1000,1.0,2000,9662860,1000,6320320
seismology-0,wrapper_siftstfbymisfit,wrapper_siftstfbymisfit,1,0,0.0,1003,6321706,1,621632
smrnaseq,bowtie_map_genome,bowtie_map_genome,8,8,1.0,56,440709370,24,731624709
smrnaseq,bowtie_map_hairpin,bowtie_map_hairpin,8,16,2.0,56,425253103,24,740863686
smrnaseq,bowtie_map_mature,bowtie_map_mature,8,16,2.0,56,456413154,24,738563928
smrnaseq,bowtie_map_seqcluster,bowtie_map_seqcluster,8,8,1.0,56,131398889,24,130859632
smrnaseq,custom_dumpsoftwareversions,custom_dumpsoftwareversions,1,1,1.0,1,6768,3,6324
smrnaseq,edger_qc,edger_qc,1,0,0.0,16,759029,25,290081
smrnaseq,file_handling,file_handling,89,120,1.348314606741573,169,4166594219,178,1126906202
smrnaseq,format_hairpin,format_hairpin,1,10,10.0,1,184264,2,182568
smrnaseq,format_mature,format_mature,1,9,9.0,1,99538,2,99619
smrnaseq,indexing,indexing,27,96,3.5555555555555554,27,1128661697,70,31464881
smrnaseq,mirtop_quant,mirtop_quant,1,2,2.0,9,70540003,7,15292025
smrnaseq,mirtrace_run,mirtrace_run,8,8,1.0,8,458310238,96,360652809
smrnaseq,parse_hairpin,parse_hairpin,1,1,1.0,1,263526,2,184335
smrnaseq,parse_mature,parse_mature,1,1,1.0,1,194966,2,99608
smrnaseq,preprocessing,preprocessing,8,32,4.0,8,458310238,40,389396886
smrnaseq,qc,qc,16,8,0.5,16,845667856,48,17358236
smrnaseq,reporting,reporting,1,0,0.0,126,34272942,4,6385098
smrnaseq,samplesheet_check,samplesheet_check,1,0,0.0,1,661,2,791
smrnaseq,seqcluster_sequences,seqcluster_sequences,8,8,1.0,8,387357618,16,61955161
soykb-0,add_replace,add_replace,5,10,2.0,15,545766993,10,826890
soykb-0,alignment_to_reference,alignment_to_reference,5,5,1.0,60,14063189465,5,562805
soykb-0,combine_variants,combine_variants,1,2,2.0,30,2813473860,2,98891
soykb-0,dedup,dedup,5,5,1.0,15,545762530,10,824463
soykb-0,file_handling,file_handling,1,0,0.0,111,2817049708,2,133275
soykb-0,filtering_indel,filtering_indel,1,0,0.0,11,2812657343,2,98437
soykb-0,filtering_snp,filtering_snp,1,0,0.0,11,2812662069,2,103232
soykb-0,genotype_gvcfs,genotype_gvcfs,10,10,1.0,200,28130359835,20,883657
soykb-0,haplotype_caller,haplotype_caller,50,100,2.0,600,140637858970,100,4457805
soykb-0,indel_realign,indel_realign,5,50,10.0,65,14063778105,10,834882
soykb-0,realign_target_creator,realign_target_creator,5,5,1.0,60,14063777905,5,200
soykb-0,select_variants_indel,select_variants_indel,1,1,1.0,11,2812660517,1,67140
soykb-0,select_variants_snp,select_variants_snp,1,1,1.0,11,2812660517,1,71866
soykb-0,sort_sam,sort_sam,5,5,1.0,10,545505335,10,820000
taxprofiler,alignment,alignment,5,25,5.0,9,204742689,18,296383878
taxprofiler,bbmap_bbduk,bbmap_bbduk,4,8,2.0,4,157208349,12,170923378
taxprofiler,bracken_bracken,bracken_bracken,3,6,2.0,6,61898853,6,734
taxprofiler,bracken_combinebrackenoutputs,bracken_combinebrackenoutputs,1,0,0.0,3,503,2,440
taxprofiler,cat_fastq,cat_fastq,1,6,6.0,3,118920905,2,118920963
taxprofiler,centrifuge_centrifuge,centrifuge_centrifuge,3,3,1.0,6,204055683,15,159529541
taxprofiler,centrifuge_kreport,centrifuge_kreport,3,12,4.0,6,41919672,6,7301
taxprofiler,custom_dumpsoftwareversions,custom_dumpsoftwareversions,1,1,1.0,1,3976,3,8044
taxprofiler,diamond_blastx,diamond_blastx,4,8,2.0,8,545520368,12,66379032
taxprofiler,file_handling,file_handling,15,13,0.8666666666666667,45,233232832,30,33916281
taxprofiler,filtlong,filtlong,1,3,3.0,1,13885686,3,10657036
taxprofiler,indexing,indexing,6,6,1.0,6,146496462,12,272029
taxprofiler,kaiju_kaiju,kaiju_kaiju,4,12,3.0,8,193400492,8,66343872
taxprofiler,kaiju_kaiju2krona,kaiju_kaiju2krona,4,4,1.0,8,66394672,8,435
taxprofiler,kaiju_kaiju2table_combined,kaiju_kaiju2table_combined,1,1,1.0,5,66356353,2,891
taxprofiler,kaiju_kaiju2table_single,kaiju_kaiju2table_single,4,8,2.0,8,66394672,8,1249
taxprofiler,kraken2_kraken2,kraken2_kraken2,8,35,4.375,16,550791336,32,386544448
taxprofiler,krakentools_combinekreports_centrifuge,krakentools_combinekreports_centrifuge,1,1,1.0,3,7046,2,4020
taxprofiler,krakentools_combinekreports_kraken,krakentools_combinekreports_kraken,2,2,1.0,8,16010,4,8086
taxprofiler,krakentools_kreport2krona,krakentools_kreport2krona,11,11,1.0,11,23056,22,8550
taxprofiler,krona_cleanup,krona_cleanup,15,15,1.0,15,7463,30,6707
taxprofiler,krona_ktimporttext,krona_ktimporttext,4,0,0.0,15,5492,8,914605
taxprofiler,metaphlan3_metaphlan3,metaphlan3_metaphlan3,3,6,2.0,6,187400943,12,2515
taxprofiler,minimap2_align,minimap2_align,1,3,3.0,2,10926771,2,10183145
taxprofiler,porechop_porechop,porechop_porechop,1,2,2.0,1,14519808,3,13962645
taxprofiler,preprocessing,preprocessing,4,12,3.0,7,438305179,26,222572787
taxprofiler,qc,qc,10,10,1.0,13,620689381,36,13208578
taxprofiler,reporting,reporting,1,0,0.0,61,19552162,4,13009792
taxprofiler,samplesheet_check,samplesheet_check,1,0,0.0,1,1233,2,1338
taxprofiler,untar,untar,5,33,6.6,5,34339249,10,63430792
viralrecon,abacas,abacas,9,0,0.0,18,554772,108,577983
viralrecon,alignment,alignment,4,9,2.25,9,40503571,11,24566922
viralrecon,asciigenome,asciigenome,3,0,0.0,18,8486045,116,1811791
viralrecon,bandage_image,bandage_image,6,0,0.0,6,195017,18,419621
viralrecon,bcftools_consensus,bcftools_consensus,3,3,1.0,9,93915,6,91503
viralrecon,bcftools_filter,bcftools_filter,3,9,3.0,3,3605,6,2551
viralrecon,bcftools_query,bcftools_query,3,3,1.0,6,3983,6,4931
viralrecon,bcftools_sort,bcftools_sort,3,18,6.0,3,16847,6,3836
viralrecon,bcftools_stats,bcftools_stats,6,3,0.5,12,17901,12,19699
viralrecon,blast_blastn,blast_blastn,9,9,1.0,18,1073190,18,7168
viralrecon,blast_makeblastdb,blast_makeblastdb,1,9,9.0,1,30414,2,88098
viralrecon,cat_fastq,cat_fastq,1,2,2.0,2,5803667,2,5803721
viralrecon,collapse_primers,collapse_primers,1,3,3.0,1,8756,2,3919
viralrecon,custom_dumpsoftwareversions,custom_dumpsoftwareversions,1,1,1.0,1,8276,3,12275
viralrecon,custom_getchromsizes,custom_getchromsizes,1,6,6.0,1,30414,3,136
viralrecon,deduplication,deduplication,3,0,0.0,9,8444234,31,254912
viralrecon,file_handling,file_handling,27,54,2.0,51,74618717,54,17453606
viralrecon,filter_blastn,filter_blastn,9,0,0.0,18,7549,18,8164
viralrecon,genomic_interval_ops,genomic_interval_ops,4,6,1.5,8,131091,8,100939
viralrecon,gunzip_gfa,gunzip_gfa,6,6,1.0,6,59106,12,195470
viralrecon,gunzip_gff,gunzip_gff,1,11,11.0,0,0,2,4198
viralrecon,gunzip_scaffolds,gunzip_scaffolds,6,18,3.0,6,62083,12,197216
viralrecon,indexing,indexing,18,51,2.8333333333333335,18,16721672,36,17571
viralrecon,ivar_trim,ivar_trim,3,3,1.0,9,8285001,9,8364439
viralrecon,ivar_variants,ivar_variants,3,3,1.0,12,8456199,6,19465
viralrecon,ivar_variants_to_vcf,ivar_variants_to_vcf,3,6,2.0,9,111523,12,18863
viralrecon,kraken2_kraken2,kraken2_kraken2,3,6,2.0,8,180556732,19,20214939
viralrecon,make_bed_mask,make_bed_mask,3,3,1.0,9,8446045,6,103427
viralrecon,make_variants_long_table,make_variants_long_table,1,0,0.0,9,108617,2,13446
viralrecon,minia,minia,3,9,3.0,5,16449115,12,21645462
viralrecon,mosdepth_amplicon,mosdepth_amplicon,3,3,1.0,9,8364509,30,441169
viralrecon,mosdepth_genome,mosdepth_genome,3,6,2.0,6,8352992,24,323987
viralrecon,nextclade_run,nextclade_run,3,0,0.0,6,27542622,63,19098874
viralrecon,pangolin,pangolin,3,6,2.0,3,91275,6,1271
viralrecon,plot_base_density,plot_base_density,3,0,0.0,3,91275,18,1189895
viralrecon,plot_mosdepth_regions_amplicon,plot_mosdepth_regions_amplicon,1,1,1.0,3,3693,10,68827
viralrecon,plot_mosdepth_regions_genome,plot_mosdepth_regions_genome,1,0,0.0,3,3939,8,55174
viralrecon,preprocessing,preprocessing,3,12,4.0,5,18622936,17,16737244
viralrecon,qc,qc,9,3,0.3333333333333333,15,50251089,39,18532470
viralrecon,quast,quast,4,4,1.0,20,510477,12,9546401
viralrecon,rename_fasta_header,rename_fasta_header,3,12,4.0,3,91242,6,91521
viralrecon,reporting,reporting,1,0,0.0,47,3553589,5,7403761
viralrecon,samplesheet_check,samplesheet_check,1,0,0.0,1,699,2,808
viralrecon,snpeff_ann,snpeff_ann,3,6,2.0,12,233219,15,473445
viralrecon,snpeff_build,snpeff_build,1,3,3.0,2,34539,3,46199
viralrecon,snpsift_extractfields,snpsift_extractfields,3,3,1.0,3,13542,6,103267
viralrecon,spades,spades,3,6,2.0,5,16449115,15,491524
viralrecon,trimming,trimming,3,15,5.0,8,14153109,11,16920772
viralrecon,unicycler,unicycler,3,6,2.0,5,16449115,12,74850
viralrecon,untar_kraken2_db,untar_kraken2_db,1,3,3.0,0,0,2,55125976
viralrecon,untar_nextclade_db,untar_nextclade_db,1,3,3.0,0,0,2,9150529
workflow-test,alignment,alignment,11,20,1.8181818181818181,81,10763555453,26,8529965
workflow-test,fasterq-dump,fasterq-dump,10,10,1.0,0,0,20,10678191072
workflow-test,file_handling,file_handling,1,0,0.0,20,3399,1,2412
