workflow_name,task_category,task_name,instance_count,children_count,input_file_count,total_input_file_sizes,output_file_count,total_output_file_sizes
1000genome-20200401T035039Z-0,frequency,frequency_ID0000026,14,0.0,56,5732847,14,3681212
1000genome-20200401T035039Z-0,individuals,individuals_ID0000001,22,2.1818181818181817,60,20290329599,22,613741
1000genome-20200401T035039Z-0,mutation,mutation_overlap_ID0000025,14,0.0,56,5732847,14,2051699
1000genome-20200401T035039Z-0,sifting,sifting_ID0000012,2,14.0,2,548756182,2,712545
1000genome-20200401T041040Z-0,frequency,frequency_ID0000050,28,0.0,112,20501126,28,7426728
1000genome-20200401T041040Z-0,individuals,individuals_ID0000001,44,2.1818181818181817,120,40578604055,44,1239423
1000genome-20200401T041040Z-0,mutation,mutation_overlap_ID0000049,28,0.0,112,20501126,28,4148552
1000genome-20200401T041040Z-0,sifting,sifting_ID0000012,4,14.0,4,1461386942,4,2717992
1000genome-20200401T043900Z-0,frequency,frequency_ID0000074,42,0.0,168,45678328,42,11193120
1000genome-20200401T043900Z-0,individuals,individuals_ID0000001,66,2.1818181818181817,180,60864441819,66,1849345
1000genome-20200401T043900Z-0,mutation,mutation_overlap_ID0000073,42,0.0,168,45678328,42,6256510
1000genome-20200401T043900Z-0,sifting,sifting_ID0000012,6,14.0,6,4750022037,6,6210086
1000genome-20200401T050622Z-0,frequency,frequency_ID0000098,56,0.0,224,60022176,56,14888276
1000genome-20200401T050622Z-0,individuals,individuals_ID0000001,88,2.1818181818181817,240,81149825424,88,2467531
1000genome-20200401T050622Z-0,mutation,mutation_overlap_ID0000097,56,0.0,224,60022176,56,8331212
1000genome-20200401T050622Z-0,sifting,sifting_ID0000012,8,14.0,8,7505092457,8,8149215
1000genome-20200401T054035Z-0,frequency,frequency_ID0000122,70,0.0,280,74643070,70,18596078
1000genome-20200401T054035Z-0,individuals,individuals_ID0000001,110,2.1818181818181817,300,101435714584,110,3078004
1000genome-20200401T054035Z-0,mutation,mutation_overlap_ID0000121,70,0.0,280,74643070,70,10413592
1000genome-20200401T054035Z-0,sifting,sifting_ID0000012,10,14.0,10,9945357853,10,10135150
1000genome-20200401T060004Z-0,frequency,frequency_ID0000146,84,0.0,336,86635835,84,22250478
1000genome-20200401T060004Z-0,individuals,individuals_ID0000001,132,2.1818181818181817,360,121721283484,132,3662864
1000genome-20200401T060004Z-0,mutation,mutation_overlap_ID0000145,84,0.0,336,86635835,84,12480760
1000genome-20200401T060004Z-0,sifting,sifting_ID0000012,12,14.0,12,12188202334,12,11743811
1000genome-20200401T153108Z-0,frequency,frequency_ID0000170,98,0.0,392,98833315,98,26069563
1000genome-20200401T153108Z-0,individuals,individuals_ID0000001,154,2.1818181818181817,420,142007603650,154,4294405
1000genome-20200401T153108Z-0,mutation,mutation_overlap_ID0000169,98,0.0,392,98833315,98,14556370
1000genome-20200401T153108Z-0,sifting,sifting_ID0000012,14,14.0,14,13999443795,14,13377352
1000genome-20200401T183445Z-0,frequency,frequency_ID0000194,112,0.0,448,115995265,112,29753753
1000genome-20200401T183445Z-0,individuals,individuals_ID0000001,176,2.1818181818181817,480,162295755884,176,4959789
1000genome-20200401T183445Z-0,mutation,mutation_overlap_ID0000193,112,0.0,448,115995265,112,16647507
1000genome-20200401T183445Z-0,sifting,sifting_ID0000012,16,14.0,16,15932835767,16,15722408
1000genome-20200401T191800Z-0,frequency,frequency_ID0000218,126,0.0,504,123960321,126,33555710
1000genome-20200401T191800Z-0,individuals,individuals_ID0000001,198,2.1818181818181817,540,182586584103,198,5530445
1000genome-20200401T191800Z-0,mutation,mutation_overlap_ID0000217,126,0.0,504,123960321,126,18703245
1000genome-20200401T191800Z-0,sifting,sifting_ID0000012,18,14.0,18,17237420318,18,16755215
1000genome-20200401T200550Z-0,frequency,frequency_ID0000242,140,0.0,560,136032935,140,37284027
1000genome-20200401T200550Z-0,individuals,individuals_ID0000001,220,2.1818181818181817,600,202876190715,220,6109904
1000genome-20200401T200550Z-0,mutation,mutation_overlap_ID0000241,140,0.0,560,136032935,140,20776293
1000genome-20200401T200550Z-0,sifting,sifting_ID0000012,20,14.0,20,18514858688,20,18372946
1000genome-20200401T205149Z-0,frequency,frequency_ID0000266,154,0.0,616,147299737,154,40985003
1000genome-20200401T205149Z-0,individuals,individuals_ID0000001,242,2.1818181818181817,660,223164244919,242,6738708
1000genome-20200401T205149Z-0,mutation,mutation_overlap_ID0000265,154,0.0,616,147299737,154,22846993
1000genome-20200401T205149Z-0,sifting,sifting_ID0000012,22,14.0,22,19645303491,22,19876468
1000genome-20200401T233927Z-0,frequency,frequency_ID0000110,28,0.0,112,20504822,28,7466757
1000genome-20200401T233927Z-0,individuals,individuals_ID0000001,104,1.5,300,253991805942,104,2942678
1000genome-20200401T233927Z-0,mutation,mutation_overlap_ID0000109,28,0.0,112,20504822,28,4148572
1000genome-20200401T233927Z-0,sifting,sifting_ID0000027,4,14.0,4,1461386942,4,2717992
1000genome-20200402T001655Z-0,frequency,frequency_ID0000056,14,0.0,56,5727709,14,3663294
1000genome-20200402T001655Z-0,individuals,individuals_ID0000001,52,1.5,150,127002154885,52,1450493
1000genome-20200402T001655Z-0,mutation,mutation_overlap_ID0000055,14,0.0,56,5727709,14,2051694
1000genome-20200402T001655Z-0,sifting,sifting_ID0000027,2,14.0,2,548756182,2,712545
1000genome-20200402T010147Z-0,frequency,frequency_ID0000164,42,0.0,168,45687652,42,11224212
1000genome-20200402T010147Z-0,individuals,individuals_ID0000001,156,1.5,450,380965030591,156,4372014
1000genome-20200402T010147Z-0,mutation,mutation_overlap_ID0000163,42,0.0,168,45687652,42,6256729
1000genome-20200402T010147Z-0,sifting,sifting_ID0000027,6,14.0,6,4750022037,6,6210086
1000genome-20200402T023420Z-0,frequency,frequency_ID0000218,56,0.0,224,60009576,56,14866013
1000genome-20200402T023420Z-0,individuals,individuals_ID0000001,208,1.5,600,507939155238,208,5813355
1000genome-20200402T023420Z-0,mutation,mutation_overlap_ID0000217,56,0.0,224,60009576,56,8331308
1000genome-20200402T023420Z-0,sifting,sifting_ID0000027,8,14.0,8,7505092457,8,8149215
1000genome-20200402T045005Z-0,frequency,frequency_ID0000272,70,0.0,280,74643259,70,18591937
1000genome-20200402T045005Z-0,individuals,individuals_ID0000001,260,1.5,750,634913209107,260,7277724
1000genome-20200402T045005Z-0,mutation,mutation_overlap_ID0000271,70,0.0,280,74643259,70,10413514
1000genome-20200402T045005Z-0,sifting,sifting_ID0000027,10,14.0,10,9945357853,10,10135150
1000genome-20200402T151149Z-0,frequency,frequency_ID0000326,84,0.0,336,86636255,84,22357179
1000genome-20200402T151149Z-0,individuals,individuals_ID0000001,312,1.5,900,761886409344,312,8674344
1000genome-20200402T151149Z-0,mutation,mutation_overlap_ID0000325,84,0.0,336,86636255,84,12480620
1000genome-20200402T151149Z-0,sifting,sifting_ID0000027,12,14.0,12,12188202334,12,11743811
1000genome-20200402T190132Z-0,frequency,frequency_ID0000380,98,0.0,392,98821548,98,26106671
1000genome-20200402T190132Z-0,individuals,individuals_ID0000001,364,1.5,1050,888864545212,364,10173136
1000genome-20200402T190132Z-0,mutation,mutation_overlap_ID0000379,98,0.0,392,98821548,98,14556482
1000genome-20200402T190132Z-0,sifting,sifting_ID0000027,14,14.0,14,13999443795,14,13377352
1000genome-20200402T211348Z-0,frequency,frequency_ID0000434,112,0.0,448,115985675,112,29845400
1000genome-20200402T211348Z-0,individuals,individuals_ID0000001,416,1.5,1200,1015855773348,416,11624493
1000genome-20200402T211348Z-0,mutation,mutation_overlap_ID0000433,112,0.0,448,115985675,112,16647559
1000genome-20200402T211348Z-0,sifting,sifting_ID0000027,16,14.0,16,15932835767,16,15722408
1000genome-20200403T005440Z-0,frequency,frequency_ID0000488,126,0.0,504,123942226,126,33490979
1000genome-20200403T005440Z-0,individuals,individuals_ID0000001,468,1.5,1350,1142859085494,468,13065316
1000genome-20200403T005440Z-0,mutation,mutation_overlap_ID0000487,126,0.0,504,123942226,126,18703068
1000genome-20200403T005440Z-0,sifting,sifting_ID0000027,18,14.0,18,17237420318,18,16755215
1000genome-20200403T044548Z-0,frequency,frequency_ID0000542,140,0.0,560,136012712,140,37339928
1000genome-20200403T044548Z-0,individuals,individuals_ID0000001,520,1.5,1500,1269853053959,520,14521664
1000genome-20200403T044548Z-0,mutation,mutation_overlap_ID0000541,140,0.0,560,136012712,140,20776422
1000genome-20200403T044548Z-0,sifting,sifting_ID0000027,20,14.0,20,18514858688,20,18372946
1000genome-20200403T154216Z-0,frequency,frequency_ID0000596,154,0.0,616,147288642,154,41043858
1000genome-20200403T154216Z-0,individuals,individuals_ID0000001,572,1.5,1650,1396841961852,572,15971516
1000genome-20200403T154216Z-0,mutation,mutation_overlap_ID0000595,154,0.0,616,147288642,154,22847053
1000genome-20200403T154216Z-0,sifting,sifting_ID0000027,22,14.0,22,19645303491,22,19876468
Cycles-20200413T031424Z-0,baseline,baseline_cycles_ID0000001,16,2.0,112,19090608,176,156048441
Cycles-20200413T031424Z-0,cycles,cycles_ID0000002,35,1.4,241,20203558,179,157914373
Cycles-20200413T031424Z-0,fertilizer,fertilizer_increase_cycles_ID0000003,16,1.0,128,19694256,160,154263033
Cycles-20200413T042546Z-0,baseline,baseline_cycles_ID0000001,32,2.0,224,38181216,352,309187907
Cycles-20200413T042546Z-0,cycles,cycles_ID0000002,70,1.4,482,40407188,358,313551167
Cycles-20200413T042546Z-0,fertilizer,fertilizer_increase_cycles_ID0000003,32,1.0,256,39388512,320,306152111
Cycles-20200413T063123Z-0,baseline,baseline_cycles_ID0000001,48,2.0,336,57271824,528,463758129
Cycles-20200413T063123Z-0,cycles,cycles_ID0000002,105,1.4,723,60613902,537,469884414
Cycles-20200413T063123Z-0,fertilizer,fertilizer_increase_cycles_ID0000003,48,1.0,384,59082768,480,460024232
Cycles-20200413T072936Z-0,baseline,baseline_cycles_ID0000001,32,2.0,224,38181200,352,311395283
Cycles-20200413T072936Z-0,cycles,cycles_ID0000002,69,1.4202898550724639,482,40407520,357,311902875
Cycles-20200413T072936Z-0,fertilizer,fertilizer_increase_cycles_ID0000003,32,1.0,256,39388496,320,307988330
Cycles-20200413T154303Z-0,baseline,baseline_cycles_ID0000001,64,2.0,448,76362400,704,616626215
Cycles-20200413T154303Z-0,cycles,cycles_ID0000002,138,1.4202898550724639,964,80814800,714,619053047
Cycles-20200413T154303Z-0,fertilizer,fertilizer_increase_cycles_ID0000003,64,1.0,512,78776992,640,611085436
Cycles-20200413T155815Z-0,baseline,baseline_cycles_ID0000001,96,2.0,672,114543600,1056,924613979
Cycles-20200413T155815Z-0,cycles,cycles_ID0000002,207,1.4202898550724639,1446,121227938,1071,928449340
Cycles-20200413T155815Z-0,fertilizer,fertilizer_increase_cycles_ID0000003,96,1.0,768,118165488,960,917696253
Cycles-20200413T162720Z-0,baseline,baseline_cycles_ID0000001,80,2.0,560,95452976,880,777785721
Cycles-20200413T162720Z-0,cycles,cycles_ID0000002,171,1.432748538011696,1205,101019060,891,774445882
Cycles-20200413T162720Z-0,fertilizer,fertilizer_increase_cycles_ID0000003,80,1.0,640,98471216,800,769348935
Cycles-20200413T165415Z-0,baseline,baseline_cycles_ID0000001,160,2.0,1120,190905952,1760,1540051793
Cycles-20200413T165415Z-0,cycles,cycles_ID0000002,342,1.432748538011696,2410,202037218,1782,1537191178
Cycles-20200413T165415Z-0,fertilizer,fertilizer_increase_cycles_ID0000003,160,1.0,1280,196942432,1600,1526403913
Cycles-20200413T181723Z-0,baseline,baseline_cycles_ID0000001,240,2.0,1680,286358928,2640,2309334429
Cycles-20200413T181723Z-0,cycles,cycles_ID0000002,513,1.432748538011696,3615,303069256,2673,2306767524
Cycles-20200413T181723Z-0,fertilizer,fertilizer_increase_cycles_ID0000003,240,1.0,1920,295413648,2400,2292251941
Cycles-20200413T183636Z-0,baseline,baseline_cycles_ID0000001,160,2.0,1120,190905984,1760,1547623543
Cycles-20200413T183636Z-0,cycles,cycles_ID0000002,341,1.436950146627566,2410,202038176,1781,1539820370
Cycles-20200413T183636Z-0,fertilizer,fertilizer_increase_cycles_ID0000003,160,1.0,1280,196942464,1600,1532015524
Cycles-20200413T185408Z-0,baseline,baseline_cycles_ID0000001,320,2.0,2240,381811968,3520,3066152098
Cycles-20200413T185408Z-0,cycles,cycles_ID0000002,682,1.436950146627566,4820,404074364,3562,3057394560
Cycles-20200413T185408Z-0,fertilizer,fertilizer_increase_cycles_ID0000003,320,1.0,2560,393884928,3200,3040810695
Cycles-20200413T191600Z-0,baseline,baseline_cycles_ID0000001,480,2.0,3360,572717952,5280,4603714845
Cycles-20200413T191600Z-0,cycles,cycles_ID0000002,1023,1.436950146627566,7230,606138680,5343,4594638624
Cycles-20200413T191600Z-0,fertilizer,fertilizer_increase_cycles_ID0000003,480,1.0,3840,590827392,4800,4571364861
Cycles-20200413T200654Z-0,baseline,baseline_cycles_ID0000001,54,2.0,378,64430802,594,515518709
Cycles-20200413T200654Z-0,cycles,cycles_ID0000002,111,1.4684684684684686,811,68188495,597,523912706
Cycles-20200413T200654Z-0,fertilizer,fertilizer_increase_cycles_ID0000003,54,1.0,432,66468114,540,519124637
Cycles-20200413T202348Z-0,baseline,baseline_cycles_ID0000001,108,2.0,756,128861604,1188,1022427041
Cycles-20200413T202348Z-0,cycles,cycles_ID0000002,222,1.4684684684684686,1622,136378594,1194,1041211527
Cycles-20200413T202348Z-0,fertilizer,fertilizer_increase_cycles_ID0000003,108,1.0,864,132936228,1080,1031596604
Cycles-20200413T205119Z-0,baseline,baseline_cycles_ID0000001,162,2.0,1134,193292406,1782,1533935268
Cycles-20200413T205119Z-0,cycles,cycles_ID0000002,333,1.4684684684684686,2433,204576783,1791,1562738815
Cycles-20200413T205119Z-0,fertilizer,fertilizer_increase_cycles_ID0000003,162,1.0,1296,199404342,1620,1549224261
Cycles-20200413T212956Z-0,baseline,baseline_cycles_ID0000001,108,2.0,756,128861550,1188,1029705219
Cycles-20200413T212956Z-0,cycles,cycles_ID0000002,221,1.4751131221719458,1622,136378690,1193,1043346355
Cycles-20200413T212956Z-0,fertilizer,fertilizer_increase_cycles_ID0000003,108,1.0,864,132936174,1080,1037709856
Cycles-20200413T213511Z-0,baseline,baseline_cycles_ID0000001,324,2.0,2268,386584650,3564,3063437770
Cycles-20200413T213511Z-0,cycles,cycles_ID0000002,663,1.4751131221719458,4866,409155698,3579,3111268233
Cycles-20200413T213511Z-0,fertilizer,fertilizer_increase_cycles_ID0000003,324,1.0,2592,398808522,3240,3095061994
Cycles-20200413T214833Z-0,baseline,baseline_cycles_ID0000001,270,2.0,1890,322153794,2970,2572160279
Cycles-20200413T214833Z-0,cycles,cycles_ID0000002,551,1.4791288566243195,4055,340946325,2981,2600160679
Cycles-20200413T214833Z-0,fertilizer,fertilizer_increase_cycles_ID0000003,270,1.0,2160,332340354,2700,2591541040
Cycles-20200413T220633Z-0,baseline,baseline_cycles_ID0000001,216,2.0,1512,257723100,2376,2041863463
Cycles-20200413T220633Z-0,cycles,cycles_ID0000002,442,1.4751131221719458,3244,272760356,2386,2072715797
Cycles-20200413T220633Z-0,fertilizer,fertilizer_increase_cycles_ID0000003,216,1.0,1728,265872348,2160,2061443276
Cycles-20200413T231722Z-0,baseline,baseline_cycles_ID0000001,540,2.0,3780,644307588,5940,5100353111
Cycles-20200413T231722Z-0,cycles,cycles_ID0000002,1102,1.4791288566243195,8110,681899480,5962,5165221466
Cycles-20200413T231722Z-0,fertilizer,fertilizer_increase_cycles_ID0000003,540,1.0,4320,664680708,5400,5148302229
Cycles-20200413T232924Z-0,baseline,baseline_cycles_ID0000001,810,2.0,5670,966461382,8910,7652865376
Cycles-20200413T232924Z-0,cycles,cycles_ID0000002,1653,1.4791288566243195,12165,1022885211,8943,7755563024
Cycles-20200413T232924Z-0,fertilizer,fertilizer_increase_cycles_ID0000003,810,1.0,6480,997021062,8100,7730464605
Cycles-20200414T003455Z-0,baseline,baseline_cycles_ID0000001,540,2.0,3780,644307696,5940,5126117438
Cycles-20200414T003455Z-0,cycles,cycles_ID0000002,1101,1.48047229791099,8110,681899178,5961,5183269878
Cycles-20200414T003455Z-0,fertilizer,fertilizer_increase_cycles_ID0000003,540,1.0,4320,664680816,5400,5168516502
Cycles-20200414T010852Z-0,baseline,baseline_cycles_ID0000001,1080,2.0,7560,1288615392,11880,10169494270
Cycles-20200414T010852Z-0,cycles,cycles_ID0000002,2202,1.48047229791099,16220,1363809952,11922,10300769154
Cycles-20200414T010852Z-0,fertilizer,fertilizer_increase_cycles_ID0000003,1080,1.0,8640,1329361632,10800,10271508530
Cycles-20200414T012817Z-0,baseline,baseline_cycles_ID0000001,1620,2.0,11340,1932923088,17820,15270678401
Cycles-20200414T012817Z-0,cycles,cycles_ID0000002,3303,1.48047229791099,24330,2045782582,17883,15478664062
Cycles-20200414T012817Z-0,fertilizer,fertilizer_increase_cycles_ID0000003,1620,1.0,12960,1994042448,16200,15434341061
Montage,madd,mAdd_ID0000205,3,2.0,990,13932393147,30,1516406400
Montage,mbackground,mBackground_ID0000174,180,2.0,1920,13936518084,960,13932167040
Montage,mbgmodel,mBgModel_ID0000173,3,32.0,30,636657,15,27240
Montage,mconcatfit,mConcatFit_ID0000172,3,1.0,2898,982989,15,449919
Montage,mdifffit,mDiffFit_ID0000031,936,1.0,14415,244500771711,2883,612783
Montage,mimgtbl,mImgtbl_ID0000204,3,1.0,495,6966164292,15,221976
Montage,mproject,mProject_ID0000001,180,13.0125,960,1270067397,960,13932167040
Montage,mviewer,mViewer_ID0000206,4,0.0,30,1516406400,20,97002660
airrflow,airrflow,NFCORE_AIRRFLOW.AIRRFLOW.CUSTOM_DUMPSOFTWAREVERSIONS,2,0.5,29,9469348,7,14714489
airrflow,bulk_qc_and_filter,NFCORE_AIRRFLOW.AIRRFLOW.BULK_QC_AND_FILTER.COLLAPSE_DUPLICATES,8,1.0,8,562564,32,8878054
airrflow,clonal_analysis,NFCORE_AIRRFLOW.AIRRFLOW.CLONAL_ANALYSIS.FIND_CLONAL_THRESHOLD,12,0.6666666666666666,22,6440417,54,37067106
airrflow,fastq_input_check,NFCORE_AIRRFLOW.AIRRFLOW.SEQUENCE_ASSEMBLY.FASTQ_INPUT_CHECK.SAMPLESHEET_CHECK,1,9.0,1,3174,2,3228
airrflow,presto_umi,NFCORE_AIRRFLOW.AIRRFLOW.SEQUENCE_ASSEMBLY.PRESTO_UMI.FASTP,136,1.6470588235294117,248,138936849,624,208617895
airrflow,repertoire_analysis_reporting,NFCORE_AIRRFLOW.AIRRFLOW.REPERTOIRE_ANALYSIS_REPORTING.PARSE_LOGS,3,0.6666666666666666,89,173197,20,14567328
airrflow,vdj_annotation,NFCORE_AIRRFLOW.AIRRFLOW.VDJ_ANNOTATION.UNZIP_IMGT,50,1.5,82,56064176,156,11208327
atacseq,alignment,NFCORE_ATACSEQ.ATACSEQ.FASTQ_ALIGN_BWA.BWA_MEM,8,1.0,20,231754474,16,72567055
atacseq,atacseq,NFCORE_ATACSEQ.ATACSEQ.PICARD_MERGESAMFILES_LIBRARY,30,0.9,274,290323302,125,100118546
atacseq,deduplication,NFCORE_ATACSEQ.ATACSEQ.MERGED_LIBRARY_MARKDUPLICATES_PICARD.PICARD_MARKDUPLICATES,16,5.875,32,232294428,40,67651664
atacseq,file_handling,NFCORE_ATACSEQ.ATACSEQ.FASTQ_ALIGN_BWA.BAM_SORT_STATS_SAMTOOLS.SAMTOOLS_SORT,187,2.016042780748663,413,1477193323,462,434879754
atacseq,input_check,NFCORE_ATACSEQ.ATACSEQ.INPUT_CHECK.SAMPLESHEET_CHECK,1,0.0,1,1371,2,1514
atacseq,prepare_genome,NFCORE_ATACSEQ.ATACSEQ.PREPARE_GENOME.KHMER_UNIQUEKMERS,7,9.0,7,49518197,16,21889548
atacseq,qc,NFCORE_ATACSEQ.ATACSEQ.FASTQ_FASTQC_UMITOOLS_TRIMGALORE.FASTQC,16,1.5,24,127739974,88,88850063
bacass,bacass,NFCORE_BACASS.BACASS.FASTQC,11,1.2727272727272727,28,687785202,61,298446778
chain-5-5000-0.6-100000000-cascadelake-1-0-1683736566.json,cpuhog,cpuhog_chain_00000001,5,0.8,5,83333335,5,83333335
chipseq,alignment,NFCORE_CHIPSEQ.CHIPSEQ.ALIGN_BWA_MEM.BWA_MEM,6,1.0,18,185130984,12,72994957
chipseq,chipseq,NFCORE_CHIPSEQ.CHIPSEQ.KHMER_UNIQUEKMERS,85,1.3647058823529412,378,617790225,304,267721498
chipseq,deduplication,NFCORE_CHIPSEQ.CHIPSEQ.MARK_DUPLICATES_PICARD.PICARD_MARKDUPLICATES,12,5.0,12,115726683,30,58754796
chipseq,file_handling,NFCORE_CHIPSEQ.CHIPSEQ.ALIGN_BWA_MEM.BAM_SORT_SAMTOOLS.SAMTOOLS_SORT,78,2.5641025641025643,132,683508992,156,98431803
chipseq,filter_bam_bamtools,NFCORE_CHIPSEQ.CHIPSEQ.FILTER_BAM_BAMTOOLS.BAM_FILTER,12,1.0,36,98823092,24,84797365
chipseq,input_check,NFCORE_CHIPSEQ.CHIPSEQ.INPUT_CHECK.SAMPLESHEET_CHECK,1,0.0,1,1518,2,1616
chipseq,prepare_genome,NFCORE_CHIPSEQ.CHIPSEQ.PREPARE_GENOME.CUSTOM_GETCHROMSIZES,4,6.25,4,36757364,9,21677246
chipseq,qc,NFCORE_CHIPSEQ.CHIPSEQ.FASTQC_TRIMGALORE.FASTQC,12,1.5,24,118495374,84,82638286
cutandrun,alignment,NFCORE_CUTANDRUN.CUTANDRUN.ALIGN_BOWTIE2.BOWTIE2_TARGET_ALIGN,4,3.0,12,229529126,12,1558026
cutandrun,consensus_peaks,NFCORE_CUTANDRUN.CUTANDRUN.CONSENSUS_PEAKS.SORT,3,1.3333333333333333,3,1480,6,1748
cutandrun,cutandrun,NFCORE_CUTANDRUN.CUTANDRUN.PRESEQ_LCEXTRAP,16,0.75,58,69543164,52,71843303
cutandrun,deduplication,NFCORE_CUTANDRUN.CUTANDRUN.MARK_DUPLICATES_PICARD.PICARD_MARKDUPLICATES,5,1.4,11,196611646,13,65325
cutandrun,extract_bt2_spikein_meta,NFCORE_CUTANDRUN.CUTANDRUN.EXTRACT_BT2_SPIKEIN_META.AWK_SCRIPT,2,0.0,4,2871,4,298
cutandrun,extract_bt2_target_meta,NFCORE_CUTANDRUN.CUTANDRUN.EXTRACT_BT2_TARGET_META.AWK_SCRIPT,2,0.0,4,2876,4,306
cutandrun,extract_fragments,NFCORE_CUTANDRUN.CUTANDRUN.EXTRACT_FRAGMENTS.SAMTOOLS_SORT,4,0.75,4,93535,8,77239
cutandrun,file_handling,NFCORE_CUTANDRUN.CUTANDRUN.ALIGN_BOWTIE2.BAM_SORT_STATS_SAMTOOLS.SAMTOOLS_SORT,41,1.6585365853658536,77,476865319,82,2008937
cutandrun,filter_reads,NFCORE_CUTANDRUN.CUTANDRUN.FILTER_READS.SAMTOOLS_VIEW,6,3.3333333333333335,8,842930,12,147079
cutandrun,input_check,NFCORE_CUTANDRUN.CUTANDRUN.INPUT_CHECK.SAMPLESHEET_CHECK,1,0.0,1,529,2,649
cutandrun,peak_qc,NFCORE_CUTANDRUN.CUTANDRUN.PEAK_QC.PRIMARY_PEAK_COUNTS,4,0.5,6,2769,7,1409
cutandrun,prepare_genome,NFCORE_CUTANDRUN.CUTANDRUN.PREPARE_GENOME.GUNZIP_BED,15,2.7333333333333334,12,136458163,33,190872132
cutandrun,prepare_peakcalling,NFCORE_CUTANDRUN.CUTANDRUN.PREPARE_PEAKCALLING.BEDTOOLS_GENOMECOV,8,1.625,14,79221,16,110564
cutandrun,qc,NFCORE_CUTANDRUN.CUTANDRUN.FASTQC_TRIMGALORE.FASTQC,4,2.0,8,1826166,28,7773415
cutandrun,visualization,NFCORE_CUTANDRUN.CUTANDRUN.DEEPTOOLS_QC.DEEPTOOLS_PLOTFINGERPRINT,5,1.2,10,231356,16,1548482
fetchngs,fastq_download_prefetch_fasterqdump_sratools,NFCORE_FETCHNGS.SRA.FASTQ_DOWNLOAD_PREFETCH_FASTERQDUMP_SRATOOLS.CUSTOM_SRATOOLSNCBISETTINGS,7,1.2857142857142858,9,39713672,16,39969830
fetchngs,sra,NFCORE_FETCHNGS.SRA.SRA_IDS_TO_RUNINFO,36,0.5277777777777778,29,38198,86,904055
forkjoin-10-5000-0.6-100000000-cascadelake-1-0-1683197671.json,cpuhog,cpuhog_forkjoin_00000001,10,1.6,17,154545470,10,90909100
genome-dax-0,chr21,chr21_chr21_ID0000001,1,1.0,78,2382358105,26,2374825593
genome-dax-0,fast2bfq,fast2bfq_fast2bfq_HEP2_MSP1_Digests_s_1_sequence_1_ID0000002,420,1.0,11226,25259008488,3742,5911315382
genome-dax-0,fastqsplit,fastqSplit_fastqSplit_HEP2_MSP1_Digests_s_1_sequence_ID0000011,7,38.183673469387756,98,35352518332,3742,35352518332
genome-dax-0,file_handling,mapMerge_mapMerge_HEP2_MSP1_Digests_ID0000021,8,1.0,4088,4952432031,124,4761658209
genome-dax-0,filtercontams,filterContams_filterContams_HEP2_MSP1_Digests_s_1_sequence_1_ID0000012,420,1.0,3742,35352518332,3742,32295187272
genome-dax-0,map,map_map_HEP2_MSP1_Digests_s_1_sequence_1_ID0000023,420,1.0,14968,182661332550,3742,2529675127
genome-dax-0,pileup,pileup_pileup_ID0000032,1,0.0,104,3602912297,26,845463932
genome-dax-0,sol2sanger,sol2sanger_sol2sanger_HEP2_MSP1_Digests_s_1_sequence_1_ID0000033,420,1.0,11226,33379289576,3742,24174906184
hic,compartments,NFCORE_HIC.HIC.COMPARTMENTS.COOLTOOLS_EIGSCIS,1,0.0,3,11684215,4,565162
hic,cooler,NFCORE_HIC.HIC.COOLER.COOLER_MAKEBINS,11,1.0,15,2848821,24,4582943
hic,hic,NFCORE_HIC.HIC.FASTQC,4,0.25,13,53038092,15,4301620
hic,hicpro,NFCORE_HIC.HIC.HICPRO.MERGE_STATS,7,1.4285714285714286,9,47882022,26,69869227
hic,hicpro_mapping,NFCORE_HIC.HIC.HICPRO.HICPRO_MAPPING.BOWTIE2_ALIGN,9,1.5555555555555556,16,269187157,27,155325688
hic,input_check,NFCORE_HIC.HIC.INPUT_CHECK.SAMPLESHEET_CHECK,1,0.0,1,194,2,288
hic,prepare_genome,NFCORE_HIC.HIC.PREPARE_GENOME.CUSTOM_GETCHROMSIZES,3,3.6666666666666665,3,34627911,7,24945062
hic,tads,NFCORE_HIC.HIC.TADS.HIC_FIND_TADS,2,0.0,2,293898,9,1898373
mag,binning,NFCORE_MAG.MAG.BINNING.METABAT2_JGISUMMARIZEBAMCONTIGDEPTHS,60,2.316666666666667,118,89679468,174,37291843
mag,binning_preparation,NFCORE_MAG.MAG.BINNING_PREPARATION.BOWTIE2_ASSEMBLY_BUILD,12,2.3333333333333335,76,144758059,72,103692034
mag,busco_qc,NFCORE_MAG.MAG.BUSCO_QC.BUSCO_DB_PREPARATION,28,2.0714285714285716,85,542495197,170,36018757
mag,mag,NFCORE_MAG.MAG.BOWTIE2_PHIX_REMOVAL_BUILD,57,1.0,191,198265015,461,198428105
makeflow-blast-large,blastall,blastall_ID000002,100,2.0,1500,1023466300155,1000,2957772
makeflow-blast-large,cat,cat_blast_ID000102,2,0.0,1005,2957777,10,2811980
makeflow-blast-large,split,split_fasta_ID000001,1,100.0,10,1006950,500,1006955
makeflow-blast-medium,blastall,blastall_ID000002,300,2.0,4500,1533900122400,3000,904379
makeflow-blast-medium,cat,cat_blast_ID000302,2,0.0,3005,904384,10,858856
makeflow-blast-medium,split,split_fasta_ID000001,1,300.0,10,302050,1500,303000
makeflow-blast-small,blastall,blastall_ID000002,40,2.0,600,204498564200,400,3235
makeflow-blast-small,cat,cat_blast_ID000042,2,0.0,405,3240,10,2726
makeflow-blast-small,split,split_fasta_ID000001,1,40.0,10,1020,200,1200
makeflow-bwa-large,alignment,bwa_index_ID000002,1001,2.997002997002997,40010,19315959999,10025,269464502
makeflow-bwa-large,cat,cat_bwa_ID001003,2,0.0,10005,260406157,10,1768810
makeflow-bwa-large,fastq,fastq_reduce_ID000001,1,1000.0,10,1238950,5000,1243884
makeflow-bwa-medium,alignment,bwa_index_ID000002,1001,2.997002997002997,40010,1936744000,10025,27303088
makeflow-bwa-medium,cat,cat_bwa_ID001003,2,0.0,10005,26398743,10,1527450
makeflow-bwa-medium,fastq,fastq_reduce_ID000001,1,1000.0,10,1238950,5000,1243885
makeflow-bwa-small,alignment,bwa_index_ID000002,101,2.9702970297029703,4010,189753910,1025,1137381
makeflow-bwa-small,cat,cat_bwa_ID000103,2,0.0,1005,259486,10,17289
makeflow-bwa-small,fastq,fastq_reduce_ID000001,1,100.0,10,12200,500,12495
methylseq,bismark,NFCORE_METHYLSEQ.METHYLSEQ.BISMARK.BISMARK_ALIGN,19,2.5789473684210527,46,128103411,72,20251090
methylseq,input_check,NFCORE_METHYLSEQ.METHYLSEQ.INPUT_CHECK.SAMPLESHEET_CHECK,1,0.0,1,561,2,666
methylseq,methylseq,NFCORE_METHYLSEQ.METHYLSEQ.FASTQC,15,1.0,49,44853511,45,31540647
methylseq,prepare_genome,NFCORE_METHYLSEQ.METHYLSEQ.PREPARE_GENOME.BISMARK_GENOMEPREPARATION,1,6.0,1,49200,2,17063192
montage,madd,mAdd_ID0000018,3,2.0,366,771581334,24,71591040
montage,mbackground,mBackground_ID0000013,90,2.0,684,1419087209,342,771534720
montage,mbgmodel,mBgModel_ID0000012,3,14.25,24,125884,12,5347
montage,mconcatfit,mConcatFit_ID0000011,3,1.0,696,284566,12,51388
montage,mdifffit,mDiffFit_ID0000005,423,1.0,3420,11349405468,684,180826
montage,mimgtbl,mImgtbl_ID0000017,3,1.0,183,385800060,12,43344
montage,mproject,mProject_ID0000001,90,9.0,342,254718021,342,1418647680
montage,mviewer,mViewer_ID0000019,4,0.0,24,71591040,16,4540774
montage-0,madd,mAdd_ID0000578,3,2.0,6996,60847559604,48,9331338240
montage-0,mbackground,mBackground_ID0000497,1290,2.0,13896,61065843960,6948,60846019200
montage-0,mbgmodel,mBgModel_ID0000496,3,144.75,48,5247132,24,188124
montage-0,mconcatfit,mConcatFit_ID0000495,3,1.0,24009,7826634,24,3399576
montage-0,mdifffit,mDiffFit_ID0000081,6285,1.0,119925,1860271290591,23985,4796472
montage-0,mimgtbl,mImgtbl_ID0000577,3,1.0,3498,30423567894,24,1533768
montage-0,mproject,mProject_ID0000001,2214,10.2498505678422,10038,6984534093,10038,60846019200
montage-0,mviewer,mViewer_ID0000579,4,0.0,48,9331338240,32,616196651
rnaseq,alignment,NFCORE_RNASEQ.RNASEQ.ALIGN_STAR.STAR_ALIGN,16,2.1875,62,88907066,67,72583712
rnaseq,bam_rseqc,NFCORE_RNASEQ.RNASEQ.BAM_RSEQC.RSEQC_BAMSTAT,35,0.9428571428571428,60,136188118,130,7355221
rnaseq,bedgraph_bedclip_bedgraphtobigwig_forward,NFCORE_RNASEQ.RNASEQ.BEDGRAPH_BEDCLIP_BEDGRAPHTOBIGWIG_FORWARD.UCSC_BEDCLIP,10,0.5,20,2073074,20,1586306
rnaseq,bedgraph_bedclip_bedgraphtobigwig_reverse,NFCORE_RNASEQ.RNASEQ.BEDGRAPH_BEDCLIP_BEDGRAPHTOBIGWIG_REVERSE.UCSC_BEDCLIP,10,0.5,20,2407500,20,1794559
rnaseq,deduplication,NFCORE_RNASEQ.RNASEQ.BAM_MARKDUPLICATES_PICARD.PICARD_MARKDUPLICATES,10,10.0,20,38559052,25,19455468
rnaseq,file_handling,NFCORE_RNASEQ.RNASEQ.ALIGN_STAR.BAM_SORT_STATS_SAMTOOLS.SAMTOOLS_SORT,40,1.375,80,170252452,80,18615486
rnaseq,input_check,NFCORE_RNASEQ.RNASEQ.INPUT_CHECK.SAMPLESHEET_CHECK,1,0.0,1,1332,2,1428
rnaseq,prepare_genome,NFCORE_RNASEQ.RNASEQ.PREPARE_GENOME.GUNZIP_GTF,8,15.875,13,2557618,18,9078820
rnaseq,qc,NFCORE_RNASEQ.RNASEQ.FASTQ_FASTQC_UMITOOLS_TRIMGALORE.FASTQC,10,1.5,16,48858324,58,39927580
rnaseq,quantification,NFCORE_RNASEQ.RNASEQ.FASTQ_SUBSAMPLE_FQ_SALMON.FQ_SUBSAMPLE,15,1.8,59,69607610,43,14575060
rnaseq,rnaseq,NFCORE_RNASEQ.RNASEQ.CAT_FASTQ,42,1.1666666666666667,202,173300172,190,85421097
sarek,alignment,NFCORE_SAREK.SAREK.FASTQ_ALIGN_BWAMEM_MEM2_DRAGMAP.BWAMEM1_MEM,1,1.0,3,32782829,2,34370535
sarek,bam_applybqsr,NFCORE_SAREK.SAREK.BAM_APPLYBQSR.GATK4_APPLYBQSR,1,4.0,7,23131948,2,1182714
sarek,bam_baserecalibrator,NFCORE_SAREK.SAREK.BAM_BASERECALIBRATOR.GATK4_BASERECALIBRATOR,1,2.0,10,23030110,2,160325
sarek,bam_markduplicates,NFCORE_SAREK.SAREK.BAM_MARKDUPLICATES.GATK4_MARKDUPLICATES,2,5.0,4,57341564,6,22933289
sarek,bam_variant_calling_single_strelka,NFCORE_SAREK.SAREK.BAM_VARIANT_CALLING_GERMLINE_ALL.BAM_VARIANT_CALLING_SINGLE_STRELKA.STRELKA_SINGLE,1,4.0,6,1223607,5,6501
sarek,cram_qc_recal,NFCORE_SAREK.SAREK.CRAM_QC_RECAL.MOSDEPTH,2,1.0,6,2446814,8,182459
sarek,file_handling,NFCORE_SAREK.SAREK.BAM_MARKDUPLICATES.CRAM_QC_MOSDEPTH_SAMTOOLS.MOSDEPTH,2,1.0,6,45943104,8,191547
sarek,indexing,NFCORE_SAREK.SAREK.BAM_APPLYBQSR.CRAM_MERGE_INDEX_SAMTOOLS.INDEX_CRAM,1,3.0,1,1182666,2,114
sarek,prepare_genome,NFCORE_SAREK.SAREK.PREPARE_GENOME.GATK4_CREATESEQUENCEDICTIONARY,5,1.8,5,180195,10,70826
sarek,prepare_intervals,NFCORE_SAREK.SAREK.PREPARE_INTERVALS.GATK4_INTERVALLISTTOBED,3,2.3333333333333335,3,408,7,360
sarek,sarek,NFCORE_SAREK.SAREK.FASTQC,3,0.6666666666666666,21,33908579,12,5408305
sarek,vcf_qc_bcftools_vcftools,NFCORE_SAREK.SAREK.VCF_QC_BCFTOOLS_VCFTOOLS.BCFTOOLS_STATS,4,1.0,7,8786,8,3416
scrnaseq,alignment,NFCORE_SCRNASEQ.SCRNASEQ.STARSOLO.STAR_GENOMEGENERATE,3,3.0,14,1457273154,16,663126525
scrnaseq,input_check,NFCORE_SCRNASEQ.SCRNASEQ.INPUT_CHECK.SAMPLESHEET_CHECK,1,0.0,1,854,2,914
scrnaseq,mtx_conversion,NFCORE_SCRNASEQ.SCRNASEQ.MTX_CONVERSION.MTX_TO_SEURAT,5,0.4,9,1322565380,15,1857174
scrnaseq,qc,NFCORE_SCRNASEQ.SCRNASEQ.FASTQC_CHECK.FASTQC,2,1.0,6,14693779,14,5266556
scrnaseq,scrnaseq,NFCORE_SCRNASEQ.SCRNASEQ.GTF_GENE_FILTER,3,1.3333333333333333,14,85447961,9,23344898
seismology-0,sg1iterdecon,sG1IterDecon_ID0000001,1100,1.0,13200,62889104,6600,41144768
seismology-0,wrapper,wrapper_siftSTFByMisfit_ID0001001,1,0.0,6633,41160014,11,4021505
smrnaseq,bam_stats_hairpin,NFCORE_SMRNASEQ.SMRNASEQ.MIRNA_QUANT.BAM_STATS_HAIRPIN.SAMTOOLS_SORT,16,3.5,16,765843847,32,377082915
smrnaseq,bam_stats_mature,NFCORE_SMRNASEQ.SMRNASEQ.MIRNA_QUANT.BAM_STATS_MATURE.SAMTOOLS_SORT,16,3.5,16,759203784,32,376621439
smrnaseq,file_handling,NFCORE_SMRNASEQ.SMRNASEQ.GENOME_QUANT.BAM_SORT_SAMTOOLS.SAMTOOLS_SORT,80,0.9,160,3762531544,160,373642725
smrnaseq,genome_quant,NFCORE_SMRNASEQ.SMRNASEQ.GENOME_QUANT.INDEX_GENOME,9,1.7777777777777777,57,443296765,32,745318523
smrnaseq,input_check,NFCORE_SMRNASEQ.SMRNASEQ.INPUT_CHECK.SAMPLESHEET_CHECK,1,0.0,1,661,2,769
smrnaseq,mirna_quant,NFCORE_SMRNASEQ.SMRNASEQ.MIRNA_QUANT.PARSE_MATURE,41,2.317073170731707,208,1477942284,144,1705761600
smrnaseq,mirtrace,NFCORE_SMRNASEQ.SMRNASEQ.MIRTRACE.MIRTRACE_RUN,8,1.0,8,458310238,96,485018736
smrnaseq,preprocessing,NFCORE_SMRNASEQ.SMRNASEQ.FASTQC_FASTP.FASTQC_RAW,24,1.6666666666666667,24,1303978094,88,406971714
smrnaseq,smrnaseq,NFCORE_SMRNASEQ.SMRNASEQ.CUSTOM_DUMPSOFTWAREVERSIONS,2,0.5,127,489433345,7,6391391
soykb-0,add,add_replace_ID0000004,25,2.0,450,16373009827,300,24806754
soykb-0,alignment,alignment_to_reference_ID0000001,25,1.0,1800,421896877650,150,16884150
soykb-0,combine,combine_variants_ID0000092,1,2.0,400,28139425706,20,1077384
soykb-0,dedup,dedup_ID0000003,25,1.0,450,16372875900,300,24733927
soykb-0,file_handling,merge_gcvf_ID0000081,1,0.0,4610,28325407960,20,2020098
soykb-0,filtering,filtering_snp_ID0000094,2,0.0,220,56253456612,40,2120016
soykb-0,genotype,genotype_gvcfs_ID0000082,20,1.0,6000,422089471900,300,13444096
soykb-0,haplotype,haplotype_caller_ID0000007,500,2.0,27000,6328727526180,4500,199349850
soykb-0,indel,indel_realign_ID0000006,25,15.0,1950,421914536904,300,25046380
soykb-0,realign,realign_target_creator_ID0000005,25,1.0,1800,421914530904,150,6000
soykb-0,select,select_variants_snp_ID0000093,2,1.0,220,56253546452,20,1493392
soykb-0,sort,sort_sam_ID0000002,25,1.0,300,16365160050,300,24600000
taxprofiler,db_check,NFCORE_TAXPROFILER.TAXPROFILER.DB_CHECK.UNTAR,5,6.6,5,34339249,10,63430767
taxprofiler,input_check,NFCORE_TAXPROFILER.TAXPROFILER.INPUT_CHECK.SAMPLESHEET_CHECK,1,0.0,1,1233,2,1316
taxprofiler,longread_hostremoval,NFCORE_TAXPROFILER.TAXPROFILER.LONGREAD_HOSTREMOVAL.MINIMAP2_INDEX,6,2.1666666666666665,9,51576497,12,44070095
taxprofiler,longread_preprocessing,NFCORE_TAXPROFILER.TAXPROFILER.LONGREAD_PREPROCESSING.PORECHOP_PORECHOP,3,2.0,3,39061539,9,25612463
taxprofiler,preprocessing,NFCORE_TAXPROFILER.TAXPROFILER.SHORTREAD_PREPROCESSING.SHORTREAD_FASTP.FASTP_PAIRED,4,3.0,7,438305179,26,222572607
taxprofiler,profiling,NFCORE_TAXPROFILER.TAXPROFILER.PROFILING.KRAKEN2_KRAKEN2,32,2.8125,64,1851382019,99,678807899
taxprofiler,shortread_complexityfiltering,NFCORE_TAXPROFILER.TAXPROFILER.SHORTREAD_COMPLEXITYFILTERING.BBMAP_BBDUK,4,2.0,4,157208349,12,170923246
taxprofiler,shortread_hostremoval,NFCORE_TAXPROFILER.TAXPROFILER.SHORTREAD_HOSTREMOVAL.BOWTIE2_BUILD,13,2.5384615384615383,25,477451503,34,296680732
taxprofiler,shortread_preprocessing,NFCORE_TAXPROFILER.TAXPROFILER.SHORTREAD_PREPROCESSING.FASTQC_PROCESSED,4,1.0,4,157208349,12,4287481
taxprofiler,standardisation_profiles,NFCORE_TAXPROFILER.TAXPROFILER.STANDARDISATION_PROFILES.KAIJU_KAIJU2TABLE_COMBINED,13,0.38461538461538464,47,132750666,26,16603
taxprofiler,taxprofiler,NFCORE_TAXPROFILER.TAXPROFILER.FASTQC,8,1.5,73,591302030,30,139866855
taxprofiler,visualization_krona,NFCORE_TAXPROFILER.TAXPROFILER.VISUALIZATION_KRONA.KRAKENTOOLS_KREPORT2KRONA,34,0.8823529411764706,49,66430216,68,928769
viralrecon,alignment,NFCORE_VIRALRECON.ILLUMINA.FASTQ_ALIGN_BOWTIE2.BOWTIE2_ALIGN,3,2.0,8,40473157,9,16135282
viralrecon,assembly_minia,NFCORE_VIRALRECON.ILLUMINA.ASSEMBLY_MINIA.MINIA,3,3.0,5,16449115,12,21645426
viralrecon,assembly_qc,NFCORE_VIRALRECON.ILLUMINA.ASSEMBLY_MINIA.ASSEMBLY_QC.BLAST_BLASTN,30,0.4,69,2050026,153,7657563
viralrecon,assembly_spades,NFCORE_VIRALRECON.ILLUMINA.ASSEMBLY_SPADES.SPADES,12,1.5,14,16616091,36,923467
viralrecon,assembly_unicycler,NFCORE_VIRALRECON.ILLUMINA.ASSEMBLY_UNICYCLER.UNICYCLER,12,1.5,14,16616091,33,522024
viralrecon,bam_trim_primers_ivar,NFCORE_VIRALRECON.ILLUMINA.BAM_TRIM_PRIMERS_IVAR.IVAR_TRIM,3,1.0,9,8285001,9,8364379
viralrecon,consensus_bcftools,NFCORE_VIRALRECON.ILLUMINA.CONSENSUS_BCFTOOLS.BCFTOOLS_FILTER,21,1.7142857142857142,36,8832151,42,381411
viralrecon,consensus_qc,NFCORE_VIRALRECON.ILLUMINA.CONSENSUS_BCFTOOLS.CONSENSUS_QC.PANGOLIN,10,0.7,17,27850986,90,22647016
viralrecon,file_handling,NFCORE_VIRALRECON.ILLUMINA.FASTQ_ALIGN_BOWTIE2.BAM_SORT_STATS_SAMTOOLS.SAMTOOLS_SORT,30,2.7,54,91126358,60,17452252
viralrecon,illumina,NFCORE_VIRALRECON.ILLUMINA.CAT_FASTQ,23,1.4782608695652173,101,245611287,156,57581827
viralrecon,indexing,NFCORE_VIRALRECON.ILLUMINA.VARIANTS_IVAR.VCF_TABIX_STATS.TABIX_TABIX,15,1.4,21,126509,30,34124
viralrecon,input_check,NFCORE_VIRALRECON.ILLUMINA.INPUT_CHECK.SAMPLESHEET_CHECK,1,0.0,1,699,2,786
viralrecon,prepare_genome,NFCORE_VIRALRECON.ILLUMINA.PREPARE_GENOME.COLLAPSE_PRIMERS,9,4.888888888888889,8,173707,20,72859717
viralrecon,preprocessing,NFCORE_VIRALRECON.ILLUMINA.FASTQ_TRIM_FASTP_FASTQC.FASTP,9,1.6666666666666667,15,52424910,43,28983292
viralrecon,snpeff_snpsift,NFCORE_VIRALRECON.ILLUMINA.VARIANTS_IVAR.VARIANTS_QC.SNPEFF_SNPSIFT.SNPEFF_ANN,6,1.5,15,246761,21,576418
viralrecon,variants_ivar,NFCORE_VIRALRECON.ILLUMINA.VARIANTS_IVAR.IVAR_VARIANTS,9,3.0,24,8571630,24,29030
viralrecon,variants_long_table,NFCORE_VIRALRECON.ILLUMINA.VARIANTS_LONG_TABLE.BCFTOOLS_QUERY,4,0.75,15,112600,8,18256
viralrecon,variants_qc,NFCORE_VIRALRECON.ILLUMINA.VARIANTS_IVAR.VARIANTS_QC.ASCIIGENOME,3,0.0,18,8486045,116,1811620
workflow-test,alignment,bowtie2-build_ID0000001,51,1.935483870967742,6025,1146836692829,1650,213419242
workflow-test,fasterq-dump,fasterq-dump_ID0000002,50,1.0,0,0,1500,1140439300304
workflow-test,file_handling,merge_ID0000022,3,0.5454545454545454,1530,397194,55,306311
